date,apport,lacher,stock
2016-01-01,1.089,1.457,1124.185
2016-01-02,0.643,1.388,1123.425
2016-01-03,0.986,1.434,1123.06
2016-01-04,0.87,1.412,1122.615
2016-01-05,0.597,1.3639999999999999,1121.994
2016-01-06,0.413,1.35,1121.097
2016-01-07,2.021,1.218,1121.97
2016-01-08,3.665,9.16,1116.409
2016-01-09,1.943,2.033,1116.289
2016-01-10,1.0190000000000001,0.9289999999999999,1116.435
2016-01-11,0.906,0.972,1116.444
2016-01-12,0.346,0.911,1116.04
2016-01-13,0.76,0.989,1115.611
2016-01-14,0.452,0.855,1115.332
2016-01-15,0.31,0.807,1114.821
2016-01-16,1.387,0.785,1115.613
2016-01-17,6.716,0.541,1121.887
2016-01-18,12.628,0.705,1133.971
2016-01-20,5.128,1.803,1145.274
2016-01-22,5.208,4.4639999999999995,1145.711
2016-01-23,2.879,2.358,1146.451
2016-01-24,3.7459999999999996,3.663,1146.7060000000001
2016-01-25,2.94,1.7469999999999999,1147.944
2016-01-26,1.555,2.74,1146.816
2016-01-27,1.245,2.427,1145.72
2016-01-28,1.851,2.5420000000000003,1145.075
2016-01-29,1.554,1.826,1144.865
2016-01-30,0.859,1.223,1144.387
2016-01-31,0.737,1.497,1143.566
2016-02-01,0.978,1.48,1143.137
2016-02-02,1.4009999999999998,1.435,1143.089
2016-02-03,1.166,1.441,1142.8319999999999
2016-02-04,0.905,1.395,1142.394
2016-02-05,0.978,1.421,1141.921
2016-02-06,0.897,1.68,1140.985
2016-02-07,0.471,1.648,1139.789
2016-02-08,1.639,1.766,1139.677
2016-02-09,2.075,2.1189999999999998,1139.6889999999999
2016-02-10,1.101,1.954,1138.758
2016-02-11,0.923,1.6600000000000001,1138.093
2016-02-12,1.909,1.795,1138.301
2016-02-13,1.6280000000000001,1.881,1138.104
2016-02-14,1.6780000000000002,2.2529999999999997,1137.612
2016-02-15,4.317,2.35,1138.944
2016-02-16,2.916,2.919,1138.998
2016-02-17,0.864,2.206,1137.525
2016-02-18,2.059,1.9549999999999998,1137.628
2016-02-19,0.9400000000000001,1.8780000000000001,1136.72
2016-02-20,1.5549999999999997,9.548,1128.799
2016-02-21,3.577,2.295,1130.156
2016-02-22,1.1580000000000001,1.857,1129.5
2016-02-23,0.902,1.893,1126.768
2016-02-24,0.9400000000000001,1.944,1125.793
2016-02-25,1.22,1.8789999999999998,1125.176
2016-02-26,0.9700000000000001,1.6429999999999998,1124.479
2016-02-27,0.8430000000000001,1.662,1123.829
2016-02-28,0.495,1.669,1122.771
2016-02-29,1.125,1.627,1122.432
2016-03-01,1.045,1.9659999999999997,1121.655
2016-03-02,1.262,1.93,1121.115
2016-03-03,1.148,2.053,1120.254
2016-03-04,1.473,2.054,1119.842
2016-03-05,1.414,2.0789999999999997,1118.923
2016-03-06,1.0739999999999998,2.078,1118.042
2016-03-07,3.086,2.046,1119.191
2016-03-08,2.676,3.336,1118.577
2016-03-09,1.8850000000000002,3.707,1116.5819999999999
2016-03-10,7.895999999999999,4.679,1119.968
2016-03-11,6.541,12.018,1114.777
2016-03-12,47.294,12.435999999999998,1150.017
2016-03-13,27.319,19.703,1157.85
2016-03-14,32.238,18.169,1172.102
2016-03-15,16.047,14.933,1173.356
2016-03-16,9.904,10.057,1173.375
2016-03-17,7.271999999999999,2.113,1178.695
2016-03-18,7.213,1.359,1184.632
2016-03-19,3.352,1.507,1186.367
2016-03-20,3.207,1.555,1188.055
2016-03-21,5.08,1.525,1191.6119999999999
2016-03-22,1.654,1.679,1191.657
2016-03-23,5.281,1.641,1195.392
2016-03-24,4.747,1.62,1198.622
2016-03-25,6.4159999999999995,1.586,1203.562
2016-03-26,4.058,1.655,1206.058
2016-03-27,2.971,1.8270000000000002,1207.27
2016-03-28,2.6020000000000003,1.9819999999999998,1207.98
2016-03-29,3.164,2.154,1209.0819999999999
2016-03-30,3.661,2.1839999999999997,1210.665
2016-03-31,1.874,2.638,1209.935
2016-04-01,1.067,3.3369999999999997,1205.976
2016-04-02,2.9450000000000003,2.815,1206.349
2016-04-03,2.355,2.681,1206.3319999999999
2016-04-04,1.233,4.714,1202.978
2016-04-05,1.2169999999999999,2.101,1202.146
2016-04-06,1.236,2.2359999999999998,1201.1000000000001
2016-04-07,1.088,2.245,1200.108
2016-04-08,5.656,2.085,1203.7369999999999
2016-04-09,3.759,2.03,1205.576
2016-04-10,4.748,2.145,1208.201
2016-04-11,2.755,2.001,1209.0
2016-04-12,1.6689999999999998,1.7049999999999998,1208.8799999999999
2016-04-13,0.907,1.71,1208.029
2016-04-14,1.493,2.0949999999999998,1207.426
2016-04-15,2.085,2.964,1206.639
2016-04-16,1.4789999999999999,3.229,1204.859
2016-04-17,0.606,2.924,1202.498
2016-04-18,0.555,2.561,1200.518
2016-04-19,0.624,2.836,1198.3980000000001
2016-04-20,0.946,3.584,1195.755
2016-04-21,0.274,2.91,1193.076
2016-04-22,0.526,3.3049999999999997,1190.096
2016-04-23,0.309,3.146,1187.234
2016-04-24,0.39899999999999997,3.136,1184.256
2016-04-25,0.333,3.049,1181.356
2016-04-26,0.498,2.6399999999999997,1179.49
2016-04-27,0.217,2.4749999999999996,1177.072
2016-04-28,0.22899999999999998,3.151,1173.906
2016-04-29,0.39,3.621,1170.404
2016-04-30,0.321,3.054,1166.8319999999999
2016-05-01,0.536,3.6759999999999997,1163.799
2016-05-02,0.8270000000000001,2.671,1161.562
2016-05-03,0.836,1.587,1161.061
2016-05-04,1.052,2.197,1159.751
2016-05-05,1.4420000000000002,2.517,1158.148
2016-05-06,0.586,3.13,1155.619
2016-05-07,0.473,3.608,1152.723
2016-05-08,4.684,2.801,1155.098
2016-05-09,4.0009999999999994,1.358,1158.016
2016-05-10,4.7909999999999995,2.474,1160.435
2016-05-11,0.734,2.0620000000000003,1158.845
2016-05-12,1.588,1.265,1159.105
2016-05-13,0.391,3.173,1156.205
2016-05-14,0.603,2.871,1153.327
2016-05-15,1.099,2.569,1151.939
2016-05-16,0.6789999999999999,3.598,1148.942
2016-05-17,0.613,2.903,1146.701
2016-05-18,2.445,2.798,1146.049
2016-05-19,0.9650000000000001,2.683,1143.823
2016-05-20,0.552,2.59,1140.775
2016-05-21,0.49,2.936,1137.215
2016-05-22,0.432,2.687,1134.084
2016-05-23,0.179,2.769,1130.53
2016-05-24,1.306,3.043,1128.7759999999998
2016-05-25,0.416,3.123,1125.766
2016-05-26,0.483,3.097,1122.42
2016-05-27,0.232,3.081,1118.434
2016-05-28,0.327,3.16,1114.655
2016-05-29,0.22,3.174,1110.771
2016-05-30,0.251,2.988,1106.726
2016-05-31,0.314,2.883,1103.947
2016-06-01,0.385,2.785,1101.091
2016-06-02,0.287,2.844,1097.999
2016-06-03,0.404,2.794,1095.548
2016-06-04,0.262,2.849,1092.38
2016-06-05,0.348,2.822,1089.633
2016-06-06,3.1310000000000002,2.56,1089.839
2016-06-07,0.859,2.6790000000000003,1087.153
2016-06-08,0.6,2.867,1084.062
2016-06-09,0.216,3.4050000000000002,1079.808
2016-06-10,0.47,3.283,1076.0629999999999
2016-06-11,0.195,3.6359999999999997,1071.439
2016-06-12,0.213,3.1980000000000004,1067.376
2016-06-13,0.41200000000000003,3.208,1063.731
2016-06-14,0.43499999999999994,3.366,1059.902
2016-06-15,0.33499999999999996,3.271,1056.368
2016-06-16,0.27,3.1830000000000003,1052.411
2016-06-17,0.452,3.3280000000000003,1048.598
2016-06-18,0.316,3.4930000000000003,1044.12
2016-06-19,0.311,3.255,1040.224
2016-06-20,0.257,3.375,1036.1689999999999
2016-06-21,0.513,3.279,1032.33
2016-06-22,0.095,3.201,1027.466
2016-06-23,0.765,3.249,1024.722
2016-06-24,0.287,2.9579999999999997,1021.039
2016-06-25,0.183,2.9659999999999997,1017.1129999999999
2016-06-26,0.30600000000000005,3.141,1013.428
2016-06-27,0.092,3.198,1009.35
2016-06-28,0.242,3.322,1005.4630000000001
2016-06-29,0.09,3.214,1001.359
2016-06-30,0.332,3.354,997.521
2016-07-01,0.317,3.285,993.712
2016-07-02,0.132,3.533,989.279
2016-07-03,0.345,3.6500000000000004,985.175
2016-07-04,0.125,3.768,980.4999999999999
2016-07-05,0.104,3.72,975.634
2016-07-06,0.049,3.5549999999999997,970.7850000000001
2016-07-07,0.363,3.195,966.927
2016-07-08,0.133,3.254,962.61
2016-07-09,0.08399999999999999,3.223,958.16
2016-07-10,0.186,3.196,954.028
2016-07-11,0.134,3.135,949.855
2016-07-12,0.201,3.3049999999999997,945.757
2016-07-13,0.327,3.2279999999999998,942.012
2016-07-14,0.12,3.7970000000000006,937.294
2016-07-15,0.268,4.063000000000001,932.547
2016-07-16,0.09100000000000001,3.458,927.653
2016-07-17,0.06499999999999999,3.391,922.86
2016-07-18,0.08099999999999999,3.331,918.5260000000001
2016-07-19,0.154,2.875,914.81
2016-07-20,0.149,2.704,911.177
2016-07-21,0.121,2.8890000000000002,907.027
2016-07-22,0.23900000000000002,3.06,902.874
2016-07-27,0.306,2.953,882.68
2016-07-28,0.224,2.603,879.351
2016-07-29,0.33899999999999997,2.973,875.494
2016-07-30,0.336,3.45,871.359
2016-07-31,0.315,3.278,867.2320000000001
2016-08-01,0.341,3.243,863.2030000000001
2016-08-02,0.396,3.284,859.209
2016-08-03,0.32,2.862,855.422
2016-08-04,0.437,2.754,852.155
2016-08-05,0.145,3.029,848.102
2016-08-06,0.259,3.268,843.945
2016-08-07,0.14,3.31,839.773
2016-08-08,0.242,3.506,835.756
2016-08-09,0.14100000000000001,3.143,831.952
2016-08-10,0.26,2.9299999999999997,828.49
2016-08-11,0.185,2.6159999999999997,736.0670000000001
2016-08-12,0.137,2.9379999999999997,821.099
2016-08-13,0.46,3.165,817.995
2016-08-14,0.23199999999999998,3.27,814.153
2016-08-15,0.24,3.447,810.2679999999999
2016-08-16,0.256,3.019,806.679
2016-08-17,0.195,2.872,803.37
2016-08-18,0.304,2.848,800.1850000000001
2016-08-19,0.228,2.717,796.333
2016-08-20,0.364,2.98,792.7710000000001
2016-08-21,0.256,2.827,789.33
2016-08-22,0.356,3.152,785.765
2016-08-23,0.136,2.7520000000000002,782.3100000000001
2016-08-24,0.094,2.619,779.007
2016-08-25,0.101,2.481,776.351
2016-08-26,0.194,1.944,774.081
2016-08-27,0.056,1.94,771.943
2016-08-29,0.162,2.459,766.564
2016-08-30,0.178,2.2119999999999997,763.612
2016-08-31,0.074,2.374,760.851
2016-09-01,0.163,2.438,758.221
2016-09-02,0.154,2.648,755.166
2016-09-03,0.16899999999999998,2.78,751.64
2016-09-04,0.188,2.7390000000000003,748.534
2016-09-05,0.075,1.92,746.114
2016-09-06,0.087,1.9369999999999998,743.711
2016-09-07,0.34,1.95,742.024
2016-09-08,0.369,1.893,737.798
2016-09-09,0.7150000000000001,1.912,736.56
2016-09-10,0.323,2.343,734.712
2016-09-11,0.218,2.604,732.31
2016-09-12,0.328,2.767,729.93
2016-09-15,0.49800000000000005,1.719,724.403
2016-09-16,0.507,1.911,722.637
2016-09-17,0.214,1.9149999999999998,672.786
2016-09-19,0.354,1.948,668.968
2016-09-20,1.171,2.605,667.568
2016-09-21,0.328,1.9869999999999999,665.8340000000001
2016-09-22,0.156,1.992,663.818
2016-09-23,0.22499999999999998,1.988,661.922
2016-09-24,0.6619999999999999,1.926,661.037
2016-09-25,3.194,1.9489999999999998,662.721
2016-09-26,2.711,1.934,663.698
2016-09-27,1.884,2.027,663.9689999999999
2016-09-28,0.635,1.753,663.088
2016-09-29,2.4330000000000003,1.118,664.835
2016-09-30,2.777,1.1,666.884
2016-10-01,0.755,1.56,666.393
2016-10-02,0.573,1.732,665.523
2016-10-03,0.221,1.683,664.135
2016-10-04,0.429,1.589,663.1610000000001
2016-10-05,0.177,1.654,661.564
2016-10-06,2.102,2.1350000000000002,661.549
2016-10-07,1.298,1.7970000000000002,662.3870000000001
2016-10-08,1.6600000000000001,1.774,662.3530000000001
2016-10-09,0.369,1.807,660.964
2016-10-10,0.43300000000000005,1.877,659.742
2016-10-11,6.461,1.885,664.739
2016-10-12,6.9910000000000005,2.243,669.855
2016-10-13,2.794,1.8820000000000001,670.6759999999999
2016-10-14,0.628,1.848,669.131
2016-10-15,0.206,1.816,667.452
2016-10-16,0.151,1.982,665.6850000000001
2016-10-17,0.124,2.052,663.833
2016-10-18,0.155,2.3770000000000002,661.514
2016-10-19,0.32,2.493,659.135
2016-10-20,0.432,2.187,657.2330000000001
2016-10-22,0.487,2.18,654.557
2016-10-23,0.499,2.193,653.365
2016-10-24,1.038,1.932,652.959
2016-10-25,0.543,1.952,651.96
2016-10-26,0.173,1.9269999999999998,649.995
2016-10-27,0.060000000000000005,1.8679999999999999,648.075
2016-10-28,0.245,1.84,646.441
2016-10-29,0.252,1.837,645.077
2016-10-30,0.428,1.8199999999999998,644.027
2016-10-31,0.415,1.944,642.6899999999999
2016-11-01,0.238,1.9749999999999999,641.084
2016-11-02,0.207,1.9889999999999999,639.6320000000001
2016-11-03,0.137,1.989,637.996
2016-11-04,0.15,1.908,636.311
2016-11-05,0.219,2.153,634.705
2016-11-06,0.35,2.399,633.142
2016-11-07,0.343,2.394,631.553
2016-11-08,0.971,2.024,630.962
2016-11-09,1.6079999999999999,1.9269999999999998,631.051
2016-11-10,5.571000000000001,1.678,635.215
2016-11-11,2.442,1.619,636.434
2016-11-12,2.125,1.7,637.211
2016-11-13,2.338,1.162,638.504
2016-11-14,1.051,1.281,638.399
2016-11-15,0.439,1.529,637.56
2016-11-16,0.64,1.7630000000000001,636.653
2016-11-17,0.8510000000000001,1.67,636.204
2016-11-18,10.454,1.751,645.3389999999999
2016-11-19,6.914,1.784,650.833
2016-11-20,2.707,1.727,652.063
2016-11-21,2.7310000000000003,1.6480000000000001,653.616
2016-11-22,0.716,1.88,652.846
2016-11-23,0.376,1.7389999999999999,651.852
2016-11-24,0.277,1.659,650.588
2016-11-25,0.926,1.219,650.835
2016-11-26,0.839,1.187,650.877
2016-11-27,0.651,1.492,650.265
2016-11-28,0.804,1.7,649.707
2016-11-29,0.5619999999999999,1.611,648.9399999999999
2016-11-30,2.496,1.598,650.313
2016-12-01,0.851,1.677,649.952
2016-12-02,0.398,1.589,649.134
2016-12-03,0.309,1.681,685.753
2016-12-04,0.734,1.7750000000000001,685.22
2016-12-05,0.41600000000000004,1.848,684.174
2016-12-06,0.774,1.9,683.533
2016-12-07,0.644,1.862,682.79
2016-12-08,3.7470000000000003,1.904,685.237
2016-12-09,15.247000000000002,1.889,699.114
2016-12-10,6.26,3.161,702.733
2016-12-11,1.265,1.856,702.5260000000001
2016-12-12,0.913,1.356,702.466
2016-12-13,0.628,1.452,702.139
2016-12-14,0.612,1.8650000000000002,701.4069999999999
2016-12-15,0.5,1.871,700.4970000000001
2016-12-16,0.894,2.427,699.538
2016-12-17,20.434,3.4290000000000003,717.2090000000001
2016-12-18,17.157,4.901000000000001,730.111
2016-12-19,17.703,5.014,743.53
2016-12-20,6.974,5.441,745.64
2016-12-21,1.917,3.7609999999999997,743.836
2016-12-22,1.346,1.5990000000000002,744.086
2016-12-23,4.925,1.805,747.571
2016-12-24,1.652,1.562,747.86
2016-12-25,0.758,1.468,747.321
2016-12-26,0.6639999999999999,1.81,746.386
2016-12-27,1.083,1.808,746.053
2016-12-28,0.641,1.642,745.337
2016-12-29,0.341,1.783,744.196
2016-12-30,0.778,1.789,743.596
2016-12-31,0.617,1.762,742.742
2017-01-01,0.678,1.765,741.891
2017-01-02,0.582,1.536,741.28
2017-01-03,0.468,1.818,740.412
2017-01-04,0.32,1.816,739.206
2017-01-05,0.39499999999999996,1.884,737.973
2017-01-06,0.89,1.415,737.1560000000001
2017-01-07,1.456,1.318,737.3729999999999
2017-01-08,0.61,1.586,736.798
2017-01-09,4.3709999999999996,1.691,739.999
2017-01-10,5.22,1.1300000000000001,744.363
2017-01-11,4.447,0.865,747.976
2017-01-12,4.927,0.901,751.961
2017-01-13,1.819,1.11,753.013
2017-01-14,2.547,1.142,754.84
2017-01-15,3.44,1.0370000000000001,757.832
2017-01-16,24.352,0.607,781.7620000000001
2017-01-17,35.0,0.503,816.286
2017-01-18,33.379999999999995,0.496,849.173
2017-01-19,26.317999999999998,0.532,873.362
2017-01-20,10.71,0.505,883.552
2017-01-21,5.773,0.5449999999999999,888.009
2017-01-22,7.036,0.8220000000000001,893.512
2017-01-23,4.692,0.656,897.599
2017-01-24,2.9979999999999998,0.658,899.915
2017-01-25,2.536,0.842,901.583
2017-01-26,8.103,0.8250000000000001,908.7399999999999
2017-01-27,3.071,0.8390000000000001,851.663
2017-01-28,1.472,1.024,911.714
2017-01-29,2.9570000000000003,2.02,912.6500000000001
2017-01-30,3.652,1.5350000000000001,914.692
2017-01-31,3.778,1.236,935.737
2017-02-01,2.408,0.969,936.946
2017-02-02,2.3970000000000002,0.984,938.371
2017-02-03,2.13,1.318,939.137
2017-02-04,1.694,1.454,939.326
2017-02-05,1.24,1.455,938.883
2017-02-06,2.425,1.482,939.358
2017-02-07,24.197000000000003,1.098,962.5459999999999
2017-02-08,9.445,1.135,970.817
2017-02-09,10.155,1.442,979.448
2017-02-10,118.731,32.483,1064.103
2017-02-11,37.64,39.739,1063.836
2017-02-12,14.999,16.143,1062.753
2017-02-13,11.995000000000001,1.046,1014.258
2017-02-14,12.485,0.805,1085.301
2017-02-15,10.276000000000002,0.685,1094.813
2017-02-16,7.669,0.6859999999999999,1101.797
2017-02-17,4.321,0.668,1105.452
2017-02-18,3.02,0.933,1107.524
2017-02-19,2.288,0.974,1108.564
2017-02-20,1.582,0.943,1109.106
2017-02-21,2.834,0.779,1111.104
2017-02-22,1.551,1.3900000000000001,1111.093
2017-02-23,2.395,0.986,1052.5339999999999
2017-02-24,1.696,1.265,1112.791
2017-02-25,1.258,1.238,1112.7079999999999
2017-02-26,1.317,1.227,1112.607
2017-02-27,3.291,1.272,1114.2
2017-02-28,1.055,1.321,1113.885
2017-03-01,1.484,1.28,1114.1490000000001
2017-03-02,1.097,1.474,1113.648
2017-03-03,1.612,1.463,1113.772
2017-03-04,1.43,1.346,1113.753
2017-03-05,1.07,1.345,1113.5140000000001
2017-03-06,1.1680000000000001,1.613,1112.9840000000002
2017-03-07,0.604,2.091,1111.3120000000001
2017-03-08,1.7169999999999999,2.088,1110.721
2017-03-09,2.063,1.5859999999999999,1111.004
2017-03-10,1.211,1.762,1110.422
2017-03-11,0.724,1.517,1109.546
2017-03-12,1.063,1.712,1108.735
2017-03-13,0.888,1.869,1107.958
2017-03-14,1.027,2.1310000000000002,1107.028
2017-03-15,1.0590000000000002,2.098,1106.2620000000002
2017-03-16,0.815,2.128,1105.258
2017-03-17,1.097,2.3120000000000003,1104.375
2017-03-18,0.708,2.443,1103.012
2017-03-19,0.642,2.5549999999999997,1101.51
2017-03-20,0.531,2.342,1100.0629999999999
2017-03-21,0.404,2.398,1098.276
2017-03-22,0.44,2.595,1096.3029999999999
2017-03-23,0.6920000000000001,2.507,1094.438
2017-03-24,0.49,2.361,1092.313
2017-03-25,0.46,2.461,1089.786
2017-03-26,1.123,2.6750000000000003,1088.173
2017-03-27,0.456,2.48,1086.105
2017-03-28,0.568,2.24,1084.537
2017-03-29,0.722,2.544,1083.003
2017-03-30,1.661,3.0989999999999998,1081.776
2017-03-31,0.237,2.199,1079.886
2017-04-01,0.322,2.286,1075.177
2017-04-02,1.016,2.271,1073.962
2017-04-03,0.9289999999999999,2.67,1075.5030000000002
2017-04-04,3.1510000000000002,1.7850000000000001,1077.05
2017-04-05,2.752,2.211,1077.8210000000001
2017-04-06,1.081,1.591,1077.333
2017-04-07,1.5530000000000002,1.622,1077.461
2017-04-08,2.0,1.782,1077.874
2017-04-09,1.778,1.8760000000000001,1078.104
2017-04-10,1.496,1.9449999999999998,1077.942
2017-04-11,1.159,2.516,1076.982
2017-04-12,0.716,2.043,1075.79
2017-04-13,1.401,2.535,1074.843
2017-04-14,0.783,1.939,1073.826
2017-04-15,1.05,2.177,1072.656
2017-04-16,1.261,3.067,1070.9099999999999
2017-04-17,0.876,2.232,1069.517
2017-04-18,1.022,2.2039999999999997,1068.422
2017-04-19,1.079,2.7359999999999998,1066.784
2017-04-20,0.5,2.219,1065.066
2017-04-21,0.935,2.822,1063.057
2017-04-22,0.438,2.336,1061.164
2017-04-23,0.45,3.6310000000000002,1057.874
2017-04-24,0.451,2.213,1056.071
2017-04-25,0.232,2.242,1053.815
2017-04-26,0.35600000000000004,2.243,1051.989
2017-04-27,0.346,2.29,1049.789
2017-04-28,0.8,4.0569999999999995,1045.698
2017-04-29,0.368,2.275,1043.386
2017-04-30,1.06,2.367,1041.935
2017-05-01,0.447,3.395,1038.122
2017-05-02,0.373,2.411,1036.115
2017-05-03,0.6399999999999999,2.414,1034.271
2017-05-04,0.685,2.44,1032.473
2017-05-05,2.569,4.058,1030.949
2017-05-06,0.972,2.466,1029.423
2017-05-07,0.293,2.585,1026.851
2017-05-08,0.502,3.923,1023.427
2017-05-09,0.287,2.334,1021.058
2017-05-10,0.498,2.452,1018.907
2017-05-11,0.58,3.762,1015.634
2017-05-12,0.45999999999999996,2.429,1013.742
2017-05-13,0.397,2.425,1011.602
2017-05-14,0.674,3.589,1008.2040000000001
2017-05-15,0.288,2.482,1005.856
2017-05-16,0.9710000000000001,2.48,1004.325
2017-05-17,0.879,3.92,1001.248
2017-05-18,0.6960000000000001,2.476,999.33
2017-05-19,0.5660000000000001,2.484,997.336
2017-05-20,0.381,4.013,993.646
2017-05-21,0.595,2.483,991.653
2017-05-22,0.524,2.445,989.6750000000001
2017-05-23,0.205,3.964,985.7620000000001
2017-05-24,0.189,2.568,983.027
2017-05-25,0.313,3.812,979.207
2017-05-26,0.167,4.014,974.902
2017-05-27,0.071,4.314,970.631
2017-05-28,0.376,2.4659999999999997,968.408
2017-05-29,0.253,3.993,964.7760000000001
2017-05-30,0.262,2.4819999999999998,962.154
2017-05-31,0.348,2.4269999999999996,959.783
2017-06-01,0.098,4.167,955.376
2017-06-02,0.14100000000000001,2.4,952.788
2017-06-03,0.309,2.403,950.529
2017-06-04,0.346,4.218,946.4490000000001
2017-06-05,0.36,2.467,944.3050000000001
2017-06-06,1.701,2.211,944.128
2017-06-07,1.9689999999999999,3.984,942.221
2017-06-08,0.374,2.1310000000000002,940.324
2017-06-09,0.99,2.08,938.929
2017-06-10,0.183,3.1769999999999996,935.619
2017-06-11,0.427,2.211,933.61
2017-06-12,0.512,2.277,931.631
2017-06-13,0.41,4.064,927.557
2017-06-14,0.298,2.272,925.189
2017-06-15,0.403,2.28,923.108
2017-06-16,0.47100000000000003,4.191,919.047
2017-06-17,0.504,2.454,916.79
2017-06-18,0.452,2.646,914.3109999999999
2017-06-19,0.14400000000000002,4.39,909.876
2017-06-20,0.154,2.577,906.944
2017-06-21,0.202,2.547,904.188
2017-06-22,0.7510000000000001,4.685,899.477
2017-06-23,4.474,2.741,900.971
2017-06-24,0.377,4.672,896.318
2017-06-25,2.412,2.493,896.158
2017-06-26,0.254,2.374,893.8
2017-06-27,0.872,4.725,889.4
2017-06-28,0.187,4.123,884.457
2017-06-29,0.32,2.275,881.723
2017-06-30,0.189,2.85,878.155
2017-07-01,0.254,4.973999999999999,872.803
2017-07-02,0.197,2.953,869.831
2017-07-03,0.313,4.953,864.215
2017-07-04,0.23,3.003,861.029
2017-07-05,0.232,4.928999999999999,855.8190000000001
2017-07-06,0.23500000000000001,2.896,852.533
2017-07-07,0.261,4.932,847.454
2017-07-08,0.27999999999999997,2.87,844.535
2017-07-09,0.287,4.784,839.593
2017-07-10,0.23399999999999999,2.866,836.757
2017-07-11,0.109,4.538,832.107
2017-07-12,0.194,2.689,829.086
2017-07-13,0.22799999999999998,4.487,824.284
2017-07-14,0.193,2.625,821.52
2017-07-15,0.1,4.394,816.27
2017-07-16,0.132,2.588,813.575
2017-07-17,0.148,4.446,808.839
2017-07-18,0.122,2.584,806.211
2017-07-19,0.123,4.318,801.783
2017-07-20,0.159,2.539,799.129
2017-07-21,0.221,4.413,794.5790000000001
2017-07-22,0.29400000000000004,2.547,792.109
2017-07-23,0.152,4.334,787.618
2017-07-24,0.3,2.431,785.304
2017-07-25,0.183,4.21,780.955
2017-07-26,0.269,2.361,778.425
2017-07-27,0.084,4.222,773.8580000000001
2017-07-28,0.239,2.379,771.398
2017-07-29,0.125,4.077,767.088
2017-07-31,0.23600000000000002,4.049,760.49
2017-08-01,0.504,2.336,758.321
2017-08-02,0.314,4.11,753.994
2017-08-03,0.407,2.397,751.268
2017-08-04,0.44599999999999995,4.129,747.093
2017-08-05,1.932,2.261,746.028
2017-08-07,0.414,2.116,737.746
2017-08-08,0.149,4.093,733.133
2017-08-09,0.443,2.325,730.592
2017-08-10,0.317,4.062,723.665
2017-08-11,2.998,2.3890000000000002,723.78
2017-08-12,0.28500000000000003,3.88,719.75
2017-08-13,0.39,2.141,677.809
2017-08-14,0.225,3.7479999999999998,713.175
2017-08-15,0.404,2.222,710.929
2017-08-16,0.224,3.746,706.986
2017-08-17,3.727,2.201,707.861
2017-08-18,0.546,3.769,700.983
2017-08-19,0.502,2.288,698.855
2017-08-20,0.25,3.758,694.999
2017-08-21,0.386,2.2110000000000003,692.832
2017-08-22,0.29500000000000004,3.738,689.179
2017-08-23,0.338,2.334,686.7280000000001
2017-08-24,0.526,3.5700000000000003,683.4449999999999
2017-08-25,0.364,2.185,681.35
2017-08-26,0.096,3.5620000000000003,677.474
2017-08-27,0.247,1.9260000000000002,675.317
2017-08-28,0.254,3.603,671.538
2017-08-29,0.354,2.168,669.566
2017-08-30,0.224,3.636,665.929
2017-08-31,0.325,2.206,663.797
2017-09-01,0.089,3.5970000000000004,659.93
2017-09-02,0.34900000000000003,1.96,658.2660000000001
2017-09-03,0.35600000000000004,3.435,654.967
2017-09-04,0.28099999999999997,1.935,653.15
2017-09-05,0.064,3.7,649.505
2017-09-06,0.296,2.035,647.8
2017-09-07,0.089,3.388,644.418
2017-09-08,3.334,2.202,645.683
2017-09-09,0.195,3.639,642.371
2017-09-10,0.37200000000000005,2.132,640.785
2017-09-11,1.107,3.183,638.974
2017-09-12,0.46,2.144,637.541
2017-09-13,0.198,3.367,634.236
2017-09-14,0.28200000000000003,2.052,632.4739999999999
2017-09-15,0.23800000000000002,3.288,628.088
2017-09-16,0.272,2.0380000000000003,626.492
2017-09-17,0.281,3.2409999999999997,623.651
2017-09-18,0.259,1.994,621.995
2017-09-19,0.254,3.113,619.217
2017-09-20,0.272,1.916,617.675
2017-09-21,0.196,3.063,614.848
2017-09-22,0.249,1.999,613.239
2017-09-23,0.19,2.895,610.729
2017-09-24,0.169,1.6099999999999999,609.333
2017-09-25,0.065,3.004,606.318
2017-09-26,0.3,2.08,604.713
2017-09-27,0.17300000000000001,3.125,601.949
2017-09-28,0.255,1.962,600.499
2017-09-29,0.20400000000000001,3.0220000000000002,597.716
2017-09-30,0.218,1.946,596.225
2017-10-01,0.321,2.967,593.789
2017-10-02,0.28600000000000003,1.913,592.415
2017-10-03,1.4549999999999998,2.983,591.3240000000001
2017-10-04,0.678,1.677,590.633
2017-10-05,2.049,2.909,590.4399999999999
2017-10-06,1.529,1.7349999999999999,590.795
2017-10-07,0.962,2.359,589.754
2017-10-08,0.427,1.701,588.815
2017-10-09,0.453,2.405,587.2339999999999
2017-10-10,0.158,1.799,585.804
2017-10-11,0.28,2.463,584.008
2017-10-12,0.154,1.77,582.526
2017-10-13,0.292,2.516,580.702
2017-10-14,0.227,1.735,579.487
2017-10-15,0.348,2.399,577.7180000000001
2017-10-16,0.253,1.768,576.514
2017-10-17,0.41800000000000004,2.678,574.523
2017-10-18,0.147,1.912,572.908
2017-10-19,0.33099999999999996,2.685,570.759
2017-10-20,0.27,1.958,569.404
2017-10-21,4.17,2.526,571.59
2017-10-22,0.358,1.74,570.572
2017-10-23,0.394,2.468,569.017
2017-10-24,0.2,1.748,567.837
2017-10-25,0.136,2.4899999999999998,565.779
2017-10-26,0.258,1.7349999999999999,564.562
2017-10-27,0.524,2.519,562.884
2017-10-28,0.249,1.714,561.816
2017-10-29,0.32599999999999996,2.371,560.139
2017-10-30,0.43699999999999994,1.6949999999999998,559.184
2017-10-31,0.272,2.311,557.5120000000001
2017-11-01,0.255,1.739,556.345
2017-11-02,0.291,2.351,554.693
2017-11-03,0.27199999999999996,1.766,553.563
2017-11-04,0.23399999999999999,2.293,551.7280000000001
2017-11-05,0.247,1.762,550.624
2017-11-06,0.266,2.244,549.109
2017-11-07,1.414,1.582,549.498
2017-11-08,1.056,2.124,549.097
2017-11-09,0.213,1.617,548.154
2017-11-10,0.299,2.4930000000000003,546.297
2017-11-11,0.308,1.608,545.573
2017-11-12,0.656,2.282,544.466
2017-11-13,0.33899999999999997,1.7189999999999999,543.559
2017-11-14,1.728,2.441,543.546
2017-11-15,4.274,1.71,546.793
2017-11-16,21.077,1.879,566.412
2017-11-17,14.036,1.434,579.412
2017-11-18,3.284,2.175,547.398
2017-11-19,1.824,1.688,582.015
2017-11-20,0.962,2.181,581.283
2017-11-21,1.507,1.608,581.647
2017-11-22,3.438,2.028,583.51
2017-11-23,4.357,1.509,586.62
2017-11-24,5.474,1.984,590.482
2017-11-25,2.1310000000000002,1.447,591.579
2017-11-26,1.571,1.876,591.652
2017-11-27,0.593,1.418,591.102
2017-11-28,1.047,1.915,590.554
2017-11-29,0.852,1.421,590.169
2017-11-30,0.641,1.917,589.215
2017-12-01,2.1109999999999998,1.564,590.218
2017-12-02,1.431,1.897,590.133
2017-12-03,5.825,1.407,595.084
2017-12-04,2.832,1.97,596.462
2017-12-05,4.641,1.64,600.107
2017-12-06,3.195,2.12,601.754
2017-12-07,1.388,1.635,602.076
2017-12-08,1.329,2.121,601.941
2017-12-09,0.91,1.6500000000000001,601.766
2017-12-10,1.605,2.171,601.873
2017-12-11,1.121,1.776,601.861
2017-12-12,0.8959999999999999,2.334,600.914
2017-12-13,0.681,1.788,600.35
2017-12-14,0.84,2.329,599.4979999999999
2017-12-15,0.794,1.763,599.082
2017-12-16,1.462,4.646,1196.262
2017-12-17,2.222,4.324,596.664
2017-12-18,2.553,5.294,594.605
2017-12-19,3.3400000000000003,1.695,596.943
2017-12-20,1.7790000000000001,2.25,597.151
2017-12-21,1.964,1.684,598.098
2017-12-22,9.666,2.02,606.28
2017-12-23,2.71,1.46,607.985
2017-12-24,1.762,2.227,608.162
2017-12-25,1.223,1.668,608.42
2017-12-26,1.345,2.283,608.151
2017-12-27,1.269,1.556,608.283
2017-12-28,2.141,2.005,608.894
2017-12-29,17.341,1.901,624.949
2017-12-30,10.013,4.335,631.217
2017-12-31,4.356,1.668,567.52
2018-01-01,2.048,6.574,625.884
2018-01-02,1.319,4.159999999999999,623.295
2018-01-03,1.906,2.941,622.601
2018-01-04,2.229,1.51,623.732
2018-01-05,2.746,2.065,624.73
2018-01-06,2.537,1.5150000000000001,626.114
2018-01-07,1.965,1.959,626.2620000000001
2018-01-08,1.4989999999999999,1.427,626.636
2018-01-09,1.175,2.053,625.697
2018-01-10,1.062,1.43,625.659
2018-01-11,0.598,1.655,624.751
2018-01-12,3.662,1.443,627.527
2018-01-13,64.426,1.897,690.047
2018-01-14,11.618,1.803,690.821
2018-01-15,5.478,1.004,695.2620000000001
2018-01-16,4.407,0.586,715.346
2018-01-17,4.172,0.906,718.792
2018-01-18,3.751,0.948,721.847
2018-01-19,3.3190000000000004,0.982,724.525
2018-01-20,1.9940000000000002,0.988,725.824
2018-01-21,1.532,0.979,726.478
2018-01-22,1.721,0.9349999999999999,727.389
2018-01-23,1.215,1.18,727.556
2018-01-24,1.709,1.193,728.2399999999999
2018-01-25,1.679,1.27,728.865
2018-01-26,1.607,1.201,729.352
2018-01-27,1.436,3.2470000000000003,727.646
2018-01-28,1.166,2.512,726.498
2018-01-29,0.808,1.6219999999999999,725.8109999999999
2018-01-30,0.742,1.541,725.0459999999999
2018-01-31,1.141,1.3739999999999999,725.116
2018-02-01,0.69,1.249,724.778
2018-02-02,1.017,1.2570000000000001,724.8149999999999
2018-02-03,0.772,1.347,724.506
2018-02-04,1.033,1.216,724.393
2018-02-05,1.282,1.347,724.543
2018-02-06,1.11,1.731,724.296
2018-02-07,0.794,1.344,723.932
2018-02-08,1.85,1.687,724.383
2018-02-09,1.388,1.299,724.713
2018-02-10,4.516,1.408,728.157
2018-02-11,10.889,3.0300000000000002,736.301
2018-02-12,12.621,5.095,744.111
2018-02-13,8.039,3.079,749.298
2018-02-14,15.875,2.348,762.897
2018-02-15,30.812,5.229,788.455
2018-02-16,16.154999999999998,4.7059999999999995,799.8389999999999
2018-02-17,9.544,2.935,806.424
2018-02-18,5.2379999999999995,1.907,809.534
2018-02-19,6.922000000000001,3.152,813.3829999999999
2018-02-20,5.649,2.349,816.996
2018-02-21,32.747,5.489,844.6759999999999
2018-02-22,21.634999999999998,6.068,860.459
2018-02-23,19.608,5.514,874.528
2018-02-24,27.673,5.619,896.5559999999999
2018-02-25,17.393,2.988,911.032
2018-02-26,18.366,4.508,925.269
2018-02-27,20.397,3.188,942.483
2018-02-28,9.679,1.903,950.181
2018-03-01,6.282,1.963,954.3629999999999
2018-03-02,4.105,1.554,956.716
2018-03-03,1.566,0.959,800.927
2018-03-04,6.274,1.12,962.299
2018-03-05,4.28,2.6060000000000003,963.904
2018-03-06,4.567,1.782,966.591
2018-03-07,4.923,2.032,969.265
2018-03-08,2.451,1.311,970.274
2018-03-09,2.265,1.62,970.818
2018-03-11,2.088,1.528,972.206
2018-03-12,1.725,1.03,972.589
2018-03-13,1.692,1.568,972.4340000000001
2018-03-14,1.344,1.059,972.4449999999999
2018-03-15,1.273,1.461,971.943
2018-03-16,1.479,1.52,971.638
2018-03-17,1.1300000000000001,1.5310000000000001,971.039
2018-03-18,1.738,1.054,971.4259999999999
2018-03-19,1.576,1.655,971.093
2018-03-20,1.9669999999999999,1.183,971.658
2018-03-21,1.497,1.9050000000000002,971.0360000000001
2018-03-22,1.417,2.33,969.9770000000001
2018-03-23,7.0840000000000005,2.501,974.4609999999999
2018-03-24,27.898000000000003,3.024,999.293
2018-03-25,14.832,4.866,1009.178
2018-03-26,21.944,4.463,1026.617
2018-03-27,23.733999999999998,9.272,1041.003
2018-03-28,15.956,10.398000000000001,1043.534
2018-03-29,10.237,6.425,1047.184
2018-03-30,6.337000000000001,2.2,1051.071
2018-03-31,6.129,2.323,1054.675
2018-04-01,5.007,1.4979999999999998,1057.797
2018-04-02,3.9709999999999996,2.063,1059.7540000000001
2018-04-03,4.072,1.988,1061.879
2018-04-04,2.818,2.158,1062.56
2018-04-05,1.188,2.434,1061.317
2018-04-06,2.566,1.44,1062.347
2018-04-07,1.9169999999999998,1.657,1062.521
2018-04-08,1.854,2.233,1061.986
2018-04-09,2.875,3.502,1061.463
2018-04-10,1.448,2.166,1060.74
2018-04-11,1.176,1.736,1060.257
2018-04-12,1.315,2.7969999999999997,1058.721
2018-04-13,1.889,1.7930000000000001,1058.8120000000001
2018-04-14,1.133,2.185,1057.784
2018-04-15,0.7949999999999999,1.63,1056.954
2018-04-16,1.415,2.172,1056.092
2018-04-17,1.219,1.628,1055.701
2018-04-18,0.989,2.574,1054.228
2018-04-19,1.42,1.737,1054.116
2018-04-20,1.123,2.733,1052.754
2018-04-21,1.8319999999999999,1.721,1053.006
2018-04-22,1.3139999999999998,2.5100000000000002,1051.652
2018-04-23,1.342,1.749,1051.285
2018-04-24,1.166,2.642,1049.916
2018-04-25,0.7739999999999999,1.736,1049.032
2018-04-26,0.757,2.86,1046.958
2018-04-27,0.453,1.794,1045.542
2018-04-28,0.776,2.785,1043.676
2018-04-29,0.562,1.811,1042.638
2018-04-30,0.725,2.85,1040.545
2018-05-01,0.415,1.873,1039.215
2018-05-02,1.662,2.851,1038.327
2018-05-03,20.447,3.914,1055.209
2018-05-04,14.946,9.298,1060.649
2018-05-05,3.479,2.586,1061.296
2018-05-06,1.342,2.887,1059.304
2018-05-07,4.335999999999999,4.053,1059.223
2018-05-08,2.86,2.415,1059.358
2018-05-09,3.088,1.56,1060.672
2018-05-10,1.256,2.589,1059.276
2018-05-11,1.5090000000000001,1.586,1059.078
2018-05-12,2.989,2.5170000000000003,1059.427
2018-05-13,1.58,1.526,1059.353
2018-05-14,0.885,2.416,1057.437
2018-05-15,0.779,1.578,1056.352
2018-05-16,0.418,2.6300000000000003,1053.777
2018-05-17,0.715,1.998,1052.395
2018-05-18,0.538,2.878,1050.2069999999999
2018-05-19,1.738,3.852,1048.206
2018-05-20,0.637,2.97,1045.941
2018-05-21,0.9099999999999999,1.95,1045.094
2018-05-22,4.874,1.615,1048.237
2018-05-23,7.341,3.214,1052.568
2018-05-24,2.712,1.8259999999999998,1053.458
2018-05-25,0.768,2.9370000000000003,1051.285
2018-05-27,0.403,3.057,1047.441
2018-05-28,1.095,1.9949999999999999,1046.376
2018-05-29,1.9020000000000001,3.275,1044.857
2018-05-30,0.724,2.246,1043.429
2018-05-31,0.619,3.4000000000000004,1040.27
2018-06-01,0.424,2.177,1038.703
2018-06-02,0.28900000000000003,3.441,1035.516
2018-06-03,0.478,2.284,1033.633
2018-06-04,0.462,3.7059999999999995,1030.279
2018-06-05,0.33,3.63,1026.924
2018-06-06,0.225,2.136,1024.767
2018-06-07,0.41,3.434,1021.479
2018-06-08,0.33799999999999997,2.339,1019.555
2018-06-09,0.37,3.7359999999999998,1016.188
2018-06-10,0.215,2.335,1013.866
2018-06-11,0.266,3.8169999999999997,1010.156
2018-06-12,0.249,3.67,1006.4850000000001
2018-06-13,0.375,4.144,1003.073
2018-06-14,0.124,5.675,997.395
2018-06-15,0.11599999999999999,4.359,993.229
2018-06-16,0.187,5.691,987.987
2018-06-17,0.295,2.224,986.061
2018-06-18,1.2730000000000001,3.747,983.334
2018-06-19,1.4340000000000002,389.26399999999995,939.304
2018-06-20,0.3,1.524,671.015
2018-06-21,0.41400000000000003,1.549,669.351
2018-06-22,1.2089999999999999,389.504,789.083
2018-06-23,3.102,3.644,977.0160000000001
2018-06-24,0.475,2.22,975.0459999999999
2018-06-25,0.688,3.48,972.023
2018-06-26,0.262,3.216,968.4309999999999
2018-06-27,0.274,2.046,965.944
2018-06-29,0.29400000000000004,2.074,959.89
2018-06-30,0.547,3.386,956.53
2018-07-01,0.388,2.17,954.222
2018-07-02,0.41800000000000004,3.9819999999999998,950.2479999999999
2018-07-03,0.396,2.139,948.062
2018-07-04,0.335,3.9459999999999997,943.759
2018-07-05,0.386,2.05,941.498
2018-07-06,0.127,2.073,785.946
2018-07-07,0.418,2.0949999999999998,934.745
2018-07-08,0.325,4.465,930.083
2018-07-09,0.313,1.9769999999999999,927.8919999999999
2018-07-10,0.332,4.143,923.691
2018-07-11,0.359,2.195,921.401
2018-07-12,0.165,4.111,916.966
2018-07-13,0.38,2.0919999999999996,914.652
2018-07-14,0.3,4.146999999999999,910.2779999999999
2018-07-15,0.405,2.206,907.889
2018-07-16,0.104,4.087,903.313
2018-07-17,0.364,2.108,901.0409999999999
2018-07-18,0.351,4.126,896.463
2018-07-19,0.43800000000000006,2.225,894.044
2018-07-20,0.39,4.082,889.772
2018-07-21,0.593,2.133,887.355
2018-07-22,0.6910000000000001,3.809,883.346
2018-07-23,0.761,2.1,881.358
2018-07-24,0.221,4.476,876.247
2018-07-25,0.74,2.392,874.075
2018-07-26,0.632,4.359999999999999,869.919
2018-07-27,0.41100000000000003,2.353,867.359
2018-07-28,0.43400000000000005,4.125,863.205
2018-07-29,0.653,2.2960000000000003,861.188
2018-07-30,0.72,4.234,857.273
2018-08-01,0.419,4.023,850.546
2018-08-02,0.631,2.085,848.678
2018-08-03,0.33,2.7,478.784
2018-08-04,0.861,2.169,842.727
2018-08-05,6.4910000000000005,3.687,845.492
2018-08-06,4.5809999999999995,1.654,848.35
2018-08-07,5.8629999999999995,0.656,616.173
2018-08-08,8.507,1.4669999999999999,855.176
2018-08-09,4.4639999999999995,1.663,862.822
2018-08-10,1.3559999999999999,1.669,803.808
2018-08-11,1.397,2.1430000000000002,857.067
2018-08-12,4.813999999999999,1.94,864.29
2018-08-13,2.02,3.187,862.9879999999999
2018-08-14,0.758,1.696,861.8
2018-08-15,3.705,3.62,861.5409999999999
2018-08-16,0.562,2.2520000000000002,859.477
2018-08-17,0.594,3.42,856.48
2018-08-18,4.1690000000000005,2.165,858.653
2018-08-19,7.894,3.151,862.1899999999999
2018-08-20,4.896,1.8900000000000001,868.39
2018-08-21,2.039,2.582,867.952
2018-08-22,1.515,1.277,868.27
2018-08-23,0.807,1.704,867.0419999999999
2018-08-24,2.087,1.818,867.381
2018-08-25,1.762,1.537,750.002
2018-08-26,1.452,1.454,865.8199999999999
2018-08-27,0.363,2.542,862.775
2018-08-28,0.354,1.4449999999999998,860.8199999999999
2018-08-29,0.24,2.758,858.645
2018-08-30,0.733,1.681,857.403
2018-08-31,0.608,2.835,854.778
2018-09-01,0.34199999999999997,1.799,852.758
2018-09-02,0.429,3.3569999999999998,849.385
2018-09-03,0.836,1.855,848.016
2018-09-04,1.398,2.973,846.169
2018-09-05,2.0580000000000003,2.121,845.87
2018-09-06,1.025,2.139,844.592
2018-09-07,1.588,2.0460000000000003,844.4250000000001
2018-09-08,1.749,2.018,844.33
2018-09-09,1.776,3.055,843.119
2018-09-10,0.478,2.1759999999999997,841.385
2018-09-11,1.285,2.77,839.706
2018-09-12,0.7220000000000001,1.885,838.3
2018-09-13,2.161,3.12,837.319
2018-09-14,1.352,1.938,836.802
2018-09-15,1.553,3.3449999999999998,835.257
2018-09-16,0.264,1.857,833.531
2018-09-17,1.726,2.759,832.537
2018-09-18,5.5889999999999995,2.038,836.188
2018-09-19,1.638,2.953,835.102
2018-09-20,1.2770000000000001,1.803,834.799
2018-09-21,14.243,2.728,846.697
2018-09-22,10.033,2.706,854.404
2018-09-23,25.727999999999998,7.292000000000001,872.906
2018-09-24,2.9499999999999997,3.2960000000000003,872.355
2018-09-25,0.9819999999999999,2.23,870.8290000000001
2018-09-26,1.158,2.745,869.105
2018-09-27,0.754,2.38,867.104
2018-09-28,0.338,1.606,865.519
2018-09-29,0.9449999999999998,2.732,863.488
2018-09-30,1.5470000000000002,2.806,861.784
2018-10-01,0.306,2.3600000000000003,859.253
2018-10-02,11.677,2.178,868.773
2018-10-03,18.786,2.705,884.5889999999999
2018-10-04,9.324,3.76,890.149
2018-10-05,12.21,9.638,892.68
2018-10-06,5.564,3.651,894.92
2018-10-07,1.272,1.752,893.8530000000001
2018-10-08,1.78,2.7199999999999998,892.802
2018-10-09,2.2,2.12,892.953
2018-10-10,3.939,1.076,895.6370000000001
2018-10-11,3.699,1.7750000000000001,898.239
2018-10-12,3.57,1.068,900.382
2018-10-13,2.489,1.8179999999999998,900.727
2018-10-14,13.541,3.253,910.749
2018-10-15,4.032,3.7319999999999998,910.463
2018-10-16,3.651,1.741,911.871
2018-10-17,1.691,1.652,911.638
2018-10-18,135.399,16.596,1030.3509999999999
2018-10-19,67.033,27.277999999999995,1069.84
2018-10-20,12.741999999999999,15.769,1067.045
2018-10-21,3.333,11.05,1062.655
2018-10-22,5.098999999999999,1.821,1072.138
2018-10-23,24.113,4.423,1092.5
2018-10-24,16.295,7.339,1102.808
2018-10-25,7.485,3.221,1108.196
2018-10-26,6.344,0.722,1113.798
2018-10-27,4.583,2.479,1115.255
2018-10-28,2.219,1.059,1115.679
2018-10-29,1.666,1.109,1115.607
2018-10-30,0.423,0.971,1114.233
2018-10-31,0.6599999999999999,1.14,1113.064
2018-11-01,0.859,1.198,1111.806
2018-11-02,15.279,1.58,1125.1490000000001
2018-11-03,10.939,7.793,1127.958
2018-11-04,29.888,4.864,1155.309
2018-11-05,20.249000000000002,7.657,1169.224
2018-11-06,7.788,4.745,1173.4969999999998
2018-11-07,8.866,2.795,1180.085
2018-11-08,6.003,3.036,1182.751
2018-11-09,2.769,0.9289999999999999,1184.9869999999999
2018-11-10,14.807,1.0519999999999998,1198.943
2018-11-11,12.945,8.148,1203.433
2018-11-12,2.952,3.036,1203.732
2018-11-13,1.8370000000000002,1.5839999999999999,1205.05
2018-11-14,3.185,1.093,1207.1370000000002
2018-11-15,4.468,1.026,1210.135
2018-11-16,5.935,7.712,1208.091
2018-11-17,1.117,2.589,1206.288
2018-11-18,1.437,1.962,1207.074
2018-11-19,3.608,0.918,1209.46
2018-11-20,2.2520000000000002,1.509,1209.873
2018-11-21,3.449,1.012,1211.792
2018-11-23,0.656,1.006,1205.802
2018-11-24,0.9319999999999999,1.528,1203.3909999999998
2018-11-25,5.5040000000000004,1.017,1207.442
2018-11-26,2.5669999999999997,1.5299999999999998,1208.276
2018-11-27,2.4210000000000003,2.009,1208.329
2018-11-28,3.5240000000000005,2.78,1208.722
2018-11-29,4.229,3.456,1208.85
2018-11-30,2.596,4.341,1206.881
2018-12-01,2.306,2.877,1206.029
2018-12-02,29.449,14.702,1220.54
2018-12-03,14.197999999999999,13.85,1220.71
2018-12-04,3.404,3.58,1220.229
2018-12-05,2.653,1.01,1221.57
2018-12-06,2.148,1.386,1222.021
2018-12-07,2.393,1.686,1222.527
2018-12-08,2.997,1.161,1224.343
2018-12-09,1.773,0.875,1224.962
2018-12-10,1.137,1.5999999999999999,1224.228
2018-12-11,0.898,0.869,1223.857
2018-12-12,1.542,3.993,1221.124
2018-12-13,2.092,3.3989999999999996,1219.601
2018-12-14,1.7309999999999999,1.762,1219.214
2018-12-15,46.309,9.702,1255.694
2018-12-16,24.849999999999998,29.791,1250.593
2018-12-17,5.16,15.257,1240.234
2018-12-18,7.557,3.065,1244.336
2018-12-19,4.3260000000000005,1.016,1247.54
2018-12-20,2.576,1.164,1248.717
2018-12-21,2.09,0.905,1249.702
2018-12-22,2.854,1.589,1250.667
2018-12-23,1.695,0.87,1251.23
2018-12-24,1.6079999999999999,1.415,1251.049
2018-12-25,1.157,0.913,1251.142
2018-12-26,1.82,1.5470000000000002,1251.1889999999999
2018-12-27,1.542,0.909,1251.578
2018-12-28,1.552,1.479,1251.444
2018-12-29,1.774,0.878,1252.171
2018-12-30,1.355,1.537,1251.694
2018-12-31,0.615,0.877,1251.132
2019-01-01,0.971,2.292,1249.576
2019-01-02,1.295,0.9580000000000001,1249.74
2019-01-03,1.381,1.357,1249.406
2019-01-04,1.43,1.848,1248.719
2019-01-05,1.333,4.115,1245.621
2019-01-06,1.8050000000000002,0.704,1246.566
2019-01-07,4.104,0.877,1249.542
2019-01-08,2.6999999999999997,1.8090000000000002,1250.272
2019-01-09,2.878,9.216,1243.796
2019-01-10,15.604999999999999,2.051,1257.193
2019-01-11,22.59,14.98,1264.5420000000001
2019-01-12,15.813,12.609000000000002,1267.632
2019-01-13,15.233,5.72,1277.023
2019-01-14,16.583,16.179000000000002,1277.134
2019-01-15,9.397,4.983,1281.364
2019-01-16,7.306,1.82,1286.377
2019-01-18,6.1899999999999995,2.9050000000000002,1292.192
2019-01-19,5.133,10.732999999999999,1286.366
2019-01-20,6.415,3.8160000000000003,1288.666
2019-01-21,3.168,2.076,1289.493
2019-01-22,4.477,3.315,1290.456
2019-01-23,9.975999999999999,4.417,1295.838
2019-01-24,21.772,13.321,1304.093
2019-01-25,87.08,23.21,1367.88
2019-01-26,55.745000000000005,35.165,1428.452
2019-01-27,19.518,31.613,1419.667
2019-01-28,20.141000000000002,30.866,1416.142
2019-01-29,54.443,17.447,1463.691
2019-01-30,53.627,17.043,1528.737
2019-01-31,59.028999999999996,24.308999999999997,1564.443
2019-02-01,28.432000000000002,28.275,1566.3500000000001
2019-02-02,22.201,23.093,1567.98
2019-02-03,24.823,15.257,1582.236
2019-02-04,32.789,5.896,1614.729
2019-02-05,93.89699999999999,37.248999999999995,1673.637
2019-02-06,32.97,31.631,1676.99
2019-02-07,26.52,23.467,1682.789
2019-02-08,32.342,10.265,1705.2350000000001
2019-02-09,27.627000000000002,7.759,1726.983
2019-02-10,19.152,7.094,1741.825
2019-02-11,16.162,7.311,1752.475
2019-02-12,15.378,17.201,1750.974
2019-02-13,10.839,21.859,1742.35
2019-02-14,6.2940000000000005,19.281000000000002,1733.368
2019-02-15,5.245,13.648,1729.047
2019-02-16,6.4559999999999995,11.985,1724.839
2019-02-17,6.407,8.58,1722.432
2019-02-18,5.468999999999999,1.751,1725.812
2019-02-19,4.24,4.728,1725.0320000000002
2019-02-20,2.6510000000000002,5.585,1721.754
2019-02-21,3.6180000000000003,1.61,1723.466
2019-02-22,2.852,1.565,1724.4879999999998
2019-02-23,3.177,2.03,1725.412
2019-02-24,3.404,1.561,1726.891
2019-02-25,2.8850000000000002,1.435,1728.069
2019-02-26,5.7,3.3289999999999997,1730.27
2019-02-27,7.528,1.6039999999999999,1736.001
2019-02-28,3.682,1.484,1737.915
2019-03-01,3.37,3.216,1737.748
2019-03-02,3.5789999999999997,1.455,1739.571
2019-03-03,3.7529999999999997,2.315,1740.6709999999998
2019-03-04,3.879,2.446,1741.8039999999999
2019-03-05,3.789,2.4499999999999997,1742.75
2019-03-06,2.868,1.571,1743.663
2019-03-07,2.714,4.136,1741.64
2019-03-08,2.391,1.598,1741.998
2019-03-09,1.7790000000000001,2.8419999999999996,1740.544
2019-03-10,2.216,1.422,1740.872
2019-03-11,1.359,2.826,1739.048
2019-03-12,1.361,1.271,1738.666
2019-03-13,1.61,2.9299999999999997,1736.865
2019-03-14,0.989,2.332,1734.779
2019-03-15,0.79,2.245,1732.857
2019-03-16,1.3619999999999999,2.419,1731.372
2019-03-17,2.659,2.6069999999999998,1729.673
2019-03-18,1.055,1.476,1728.683
2019-03-19,0.6749999999999999,2.493,1726.129
2019-03-20,1.432,1.42,1725.395
2019-03-21,24.111,5.653,1743.7430000000002
2019-03-22,75.48400000000001,24.353,1795.366
2019-03-23,34.757,26.511000000000003,1805.072
2019-03-24,28.845,17.604,1816.778
2019-03-25,18.228,19.744,1819.1889999999999
2019-03-26,21.081,18.317999999999998,1821.929
2019-03-27,16.307,18.721,1819.099
2019-03-28,13.139,16.341,1815.501
2019-03-29,8.951,14.700000000000001,1809.371
2019-03-30,4.57,11.393,1802.866
2019-03-31,4.817,4.478,1803.8990000000001
2019-04-01,5.044,2.461,1806.893
2019-04-02,5.678,2.729,1809.904
2019-04-03,5.261,3.1799999999999997,1811.362
2019-04-04,8.744,4.229,1815.448
2019-04-05,15.719000000000001,8.322,1823.008
2019-04-06,13.067,15.28,1822.051
2019-04-07,12.353,14.762,1822.085
2019-04-08,10.204,7.4159999999999995,1828.3339999999998
2019-04-09,11.317,13.29,1830.788
2019-04-10,10.219000000000001,9.687000000000001,1834.237
2019-04-11,11.398,8.094000000000001,1838.7359999999999
2019-04-12,8.393,9.862,1837.166
2019-04-13,7.337,8.21,1836.0
2019-04-14,4.344,7.4239999999999995,1832.53
2019-04-15,1.702,7.485,1826.135
2019-04-16,3.534,2.246,1826.8429999999998
2019-04-17,2.866,2.6390000000000002,1826.613
2019-04-18,4.418,0.971,1829.526
2019-04-19,1.601,2.955,1827.427
2019-04-20,1.72,2.8409999999999997,1825.689
2019-04-21,1.7570000000000001,1.52,1825.189
2019-04-22,2.421,3.2329999999999997,1823.301
2019-04-23,3.141,1.907,1823.982
2019-04-24,2.538,1.068,1824.733
2019-04-25,2.9450000000000003,2.059,1825.021
2019-04-26,1.241,2.127,1823.523
2019-04-27,1.262,2.3850000000000002,1821.71
2019-04-28,1.294,1.531,1820.595
2019-04-29,1.321,2.5749999999999997,1818.593
2019-04-30,1.871,2.653,1817.052
2019-05-01,1.3179999999999998,2.502,1815.03
2019-05-02,1.283,2.4299999999999997,1813.0510000000002
2019-05-03,1.428,1.287,1812.561
2019-05-04,1.411,2.322,1811.0420000000001
2019-05-05,1.953,2.0709999999999997,1810.109
2019-05-06,1.874,1.408,1809.817
2019-05-07,1.948,2.4259999999999997,1794.51
2019-05-08,1.3,2.372,1806.253
2019-05-09,1.279,2.6799999999999997,1804.014
2019-05-10,1.371,2.556,1802.011
2019-05-11,1.1849999999999998,2.489,1799.625
2019-05-12,1.034,2.4139999999999997,1797.196
2019-05-13,1.202,2.3729999999999998,1794.809
2019-05-14,3.4539999999999997,3.457,1794.196
2019-05-15,4.308,2.4,1795.5529999999999
2019-05-16,0.934,1.3980000000000001,1794.3719999999998
2019-05-17,1.1059999999999999,1.451,1792.961
2019-05-18,2.1719999999999997,3.774,1790.527
2019-05-19,1.206,2.83,1788.2150000000001
2019-05-20,0.846,1.312,1786.963
2019-05-21,1.1099999999999999,2.355,1784.924
2019-05-22,1.213,2.0989999999999998,1783.334
2019-05-23,1.4869999999999999,3.399,1780.617
2019-05-24,0.614,4.126,1776.85
2019-05-25,1.025,4.0889999999999995,1774.417
2019-05-26,16.249,6.902,1784.9660000000001
2019-05-27,49.626,29.389000000000003,1806.442
2019-05-28,54.082,38.854,1822.92
2019-05-29,12.028,22.657,1814.2079999999999
2019-05-30,5.571,12.447,1809.638
2019-05-31,5.554,7.209,1811.297
2019-06-01,6.734,9.318,1811.661
2019-06-02,4.412,10.176,1808.765
2019-06-03,3.791,11.579,1802.1380000000001
2019-06-04,0.626,6.401000000000001,1796.7350000000001
2019-06-05,3.958,4.7090000000000005,1796.28
2019-06-06,1.768,1.354,1795.699
2019-06-07,1.865,1.318,1795.2759999999998
2019-06-08,0.881,3.451,1791.5249999999999
2019-06-09,1.066,3.6309999999999993,1787.826
2019-06-10,0.726,3.1950000000000003,1783.8500000000001
2019-06-11,1.977,1.754,1782.941
2019-06-12,0.781,3.058,1779.649
2019-06-13,0.825,3.12,1776.155
2019-06-14,0.732,3.472,1772.113
2019-06-15,1.3,3.299,1768.904
2019-06-16,0.593,3.28,1764.971
2019-06-17,1.273,1.859,1763.271
2019-06-18,0.8779999999999999,2.827,1760.144
2019-06-19,0.6589999999999999,3.516,1755.958
2019-06-20,0.927,3.463,1752.296
2019-06-21,0.8079999999999999,3.682,1747.981
2019-06-22,0.719,3.495,1744.125
2019-06-23,0.9940000000000001,3.42,1740.415
2019-06-24,0.31,3.428,1735.955
2019-06-25,1.147,3.331,1732.489
2019-06-26,0.697,5.467,1726.23
2019-06-27,0.315,5.43,1719.964
2019-06-28,0.315,5.2139999999999995,1714.516
2019-06-29,0.666,5.3740000000000006,1709.997
2019-06-30,0.603,5.305,1705.1100000000001
2019-07-01,1.1689999999999998,5.447,1700.642
2019-07-02,0.364,3.669,1697.473
2019-07-03,1.47,4.066,1693.896
2019-07-04,2.053,4.134,1690.535
2019-07-05,0.764,3.7880000000000003,1686.075
2019-07-06,0.815,3.71,1681.608
2019-07-07,0.334,3.657,1676.809
2019-07-08,0.4,3.679,1672.008
2019-07-09,0.257,3.627,1667.145
2019-07-10,0.536,3.4859999999999998,1662.622
2019-07-11,0.46699999999999997,3.523,1657.9209999999998
2019-07-12,0.449,3.585,1653.225
2019-07-13,0.249,3.763,1647.978
2019-07-14,0.23099999999999998,3.874,1642.57
2019-07-15,0.34500000000000003,4.195,1637.04
2019-07-16,0.185,3.887,1631.653
2019-07-17,0.107,3.543,1626.282
2019-07-18,0.181,3.582,1620.641
2019-07-19,0.349,3.762,1615.666
2019-07-20,0.226,3.799,1610.601
2019-07-21,0.20800000000000002,3.688,1605.177
2019-07-22,0.369,3.903,1600.435
2019-07-23,0.236,3.735,1595.119
2019-07-24,0.191,3.682,1590.066
2019-07-25,0.241,3.669,1585.189
2019-07-26,0.246,5.336,1578.669
2019-07-27,0.11699999999999999,5.381,1571.798
2019-07-28,0.077,5.205,1565.112
2019-07-29,0.305,5.32,1560.077
2019-07-30,0.605,4.332,1556.401
2019-07-31,1.507,3.454,1553.934
2019-08-01,1.704,3.503,1550.319
2019-08-02,1.7389999999999999,3.539,1547.147
2019-08-03,1.2109999999999999,3.6870000000000003,1543.063
2019-08-04,0.588,3.812,1538.448
2019-08-05,0.257,3.799,1533.21
2019-08-06,0.7030000000000001,3.465,1528.987
2019-08-07,0.641,3.669,1524.605
2019-08-08,0.8190000000000001,3.73,1519.953
2019-08-09,0.6930000000000001,3.712,1515.771
2019-08-10,0.728,3.891,1511.557
2019-08-11,0.548,3.774,1507.152
2019-08-12,0.832,3.746,1502.992
2019-08-13,0.68,3.159,1499.285
2019-08-14,0.366,3.525,1494.625
2019-08-15,0.262,3.539,1489.861
2019-08-16,0.329,3.5349999999999997,1485.385
2019-08-17,0.461,3.3209999999999997,1481.305
2019-08-18,0.535,3.434,1476.999
2019-08-19,0.529,3.2430000000000003,1472.837
2019-08-20,0.121,3.447,1468.133
2019-08-21,0.959,3.313,1464.163
2019-08-22,0.644,3.273,1460.227
2019-08-23,0.8190000000000001,3.0500000000000003,1456.927
2019-08-24,7.175000000000001,3.1270000000000002,1460.056
2019-08-25,3.9619999999999997,4.069,1459.104
2019-08-26,3.872,4.127,1457.809
2019-08-27,3.533,4.404,1455.919
2019-08-28,4.099,3.791,1455.3419999999999
2019-08-29,9.216999999999999,4.603,1459.507
2019-08-30,6.41,6.068,1459.426
2019-08-31,2.057,5.88,1455.836
2019-09-01,9.858,16.137,1450.337
2019-09-02,16.961000000000002,11.331999999999999,1455.55
2019-09-03,7.774,14.631,1449.07
2019-09-04,2.896,10.992,1443.767
2019-09-05,4.797000000000001,1.317,1448.485
2019-09-06,7.344,2.4899999999999998,1452.801
2019-09-07,3.722,2.5069999999999997,1449.272
2019-09-08,1.823,2.584,1451.713
2019-09-09,3.2510000000000003,2.644,1452.067
2019-09-10,3.454,2.964,1452.191
2019-09-11,10.806,3.459,1458.99
2019-09-12,3.015,4.681,1457.019
2019-09-13,0.665,4.529,1449.731
2019-09-14,5.387,4.123,1451.367
2019-09-15,0.801,3.341,1449.7939999999999
2019-09-16,2.098,2.585,1449.197
2019-09-17,1.422,2.524,1447.552
2019-09-18,1.3,3.439,1444.852
2019-09-19,0.974,3.612,1441.753
2019-09-20,4.972,5.4559999999999995,1440.526
2019-09-21,0.753,6.0040000000000004,1435.199
2019-09-22,3.21,4.85,1434.614
2019-09-23,6.197,2.56,1438.684
2019-09-24,3.1300000000000003,3.519,1438.249
2019-09-25,4.341,3.2650000000000006,1438.898
2019-09-26,0.749,3.819,1435.379
2019-09-27,0.792,3.8659999999999997,1431.405
2019-09-28,0.97,3.863,1424.299
2019-09-29,0.121,4.0600000000000005,1419.219
2019-10-01,0.784,4.0,1415.517
2019-10-02,0.11900000000000001,2.597,1412.387
2019-10-03,0.521,3.0149999999999997,1409.4769999999999
2019-10-04,0.157,3.009,1406.035
2019-10-05,0.28099999999999997,3.03,1402.7820000000002
2019-10-06,0.305,2.951,1399.6589999999999
2019-10-07,0.33799999999999997,3.063,1396.172
2019-10-08,2.87,2.91,1384.687
2019-10-09,1.6560000000000001,2.106,1383.71
2019-10-10,0.54,2.261,1392.757
2019-10-11,0.36,2.3,1390.314
2019-10-12,1.232,2.34,1388.658
2019-10-13,1.193,2.47,1386.959
2019-10-14,0.161,2.428,1384.154
2019-10-15,0.473,2.485,1381.7740000000001
2019-10-16,1.034,2.154,1380.044
2019-10-17,0.7879999999999999,1.958,1378.204
2019-10-18,0.618,1.887,1376.355
2019-10-19,0.61,1.9809999999999999,1374.278
2019-10-20,0.738,2.16,1372.267
2019-10-21,0.705,1.849,1370.4189999999999
2019-10-22,0.507,2.085,1368.085
2019-10-23,0.319,2.1870000000000003,1365.649
2019-10-24,1.094,2.159,1364.274
2019-10-25,2.356,1.936,1364.25
2019-10-26,3.46,1.7890000000000001,1365.802
2019-10-27,1.005,1.633,1364.748
2019-10-28,0.876,1.911,1363.62
2019-10-29,0.8839999999999999,1.873,1362.56
2019-10-30,1.662,1.859,1362.1799999999998
2019-10-31,1.1589999999999998,1.883,1360.852
2019-11-01,1.08,1.843,1360.011
2019-11-02,4.048,1.737,1362.329
2019-11-03,1.3900000000000001,1.841,1361.889
2019-11-04,1.952,1.959,1361.84
2019-11-05,1.435,1.615,1361.435
2019-11-06,1.216,1.733,1360.756
2019-11-07,2.638,2.168,1361.257
2019-11-08,2.068,1.55,1361.811
2019-11-09,1.738,1.3430000000000002,1361.846
2019-11-10,4.972,1.167,1365.507
2019-11-11,2.945,1.637,1366.7259999999999
2019-11-12,1.6159999999999999,1.252,1366.807
2019-11-13,20.806,3.016,1384.641
2019-11-14,7.508,2.923,1389.263
2019-11-15,4.723,1.709,1392.3139999999999
2019-11-16,3.9210000000000003,1.577,1394.4850000000001
2019-11-17,3.138,1.617,1395.833
2019-11-18,7.349,1.526,1401.386
2019-11-19,4.276,2.853,1402.4389999999999
2019-11-20,8.765,2.981,1407.934
2019-11-21,2.831,2.0269999999999997,1408.487
2019-11-22,2.1100000000000003,1.444,1408.904
2019-11-23,2.053,1.407,1409.302
2019-11-24,1.809,1.8909999999999998,1409.0919999999999
2019-11-25,6.5329999999999995,1.379,1413.994
2019-11-26,9.75,1.466,1422.161
2019-11-27,4.978,2.1950000000000003,1424.7160000000001
2019-11-29,1.586,1.91,1423.883
2019-11-30,2.083,2.212,1423.577
2019-12-01,1.951,2.18,1423.085
2019-12-02,1.228,1.169,1422.86
2019-12-03,0.66,1.173,1422.023
2019-12-04,0.9119999999999999,0.962,1421.8020000000001
2019-12-05,2.516,3.183,1421.078
2019-12-06,1.198,2.458,1419.632
2019-12-07,0.645,1.063,1419.12
2019-12-08,0.764,1.066,1418.732
2019-12-09,1.496,1.63,1418.223
2019-12-10,9.974,1.6560000000000001,1426.43
2019-12-11,22.741,8.545,1440.596
2019-12-12,7.58,14.608,1433.422
2019-12-13,9.944,4.377,1438.952
2019-12-14,4.9719999999999995,2.098,1441.7069999999999
2019-12-15,4.766,1.632,1444.617
2019-12-16,4.237,1.512,1447.199
2019-12-17,3.377,4.139,1446.206
2019-12-18,3.9059999999999997,1.469,1448.469
2019-12-19,8.601,3.418,1453.628
2019-12-20,10.364,10.157,1453.739
2019-12-21,4.808,2.491,1455.954
2019-12-22,2.764,3.185,1455.464
2019-12-23,1.754,1.8319999999999999,1455.109
2019-12-24,3.799,1.646,1456.843
2019-12-25,4.601,1.769,1459.449
2019-12-26,1.415,1.702,1458.871
2019-12-27,1.578,1.707,1458.496
2019-12-28,1.849,1.89,1458.012
2019-12-29,1.892,1.675,1458.078
2019-12-30,1.952,1.876,1457.903
2019-12-31,1.711,2.549,1456.9679999999998
2020-01-01,1.313,1.631,1456.473
2020-01-02,1.368,0.939,1456.701
2020-01-03,1.731,0.719,1457.408
2020-01-04,1.713,0.694,1458.287
2020-01-05,0.867,0.78,1458.185
2020-01-06,1.816,1.3339999999999999,1458.113
2020-01-07,1.444,1.359,1458.048
2020-01-08,1.257,0.6599999999999999,1458.437
2020-01-09,12.13,0.691,1470.166
2020-01-10,3.799,1.58,1472.444
2020-01-11,1.996,0.9349999999999999,1473.395
2020-01-12,3.998,0.932,1476.601
2020-01-13,8.447,9.574,1476.3580000000002
2020-01-14,4.443,3.534,1477.6989999999998
2020-01-15,2.188,1.6360000000000001,1478.272
2020-01-16,2.273,1.559,1478.9370000000001
2020-01-17,2.421,1.433,1479.8990000000001
2020-01-18,2.422,1.33,1480.948
2020-01-19,1.865,1.418,1481.265
2020-01-20,1.024,1.4609999999999999,1480.57
2020-01-21,1.413,1.3,1480.531
2020-01-22,1.1199999999999999,1.051,1480.304
2020-01-23,1.102,1.02,1480.159
2020-01-24,1.4249999999999998,2.927,1478.488
2020-01-25,0.937,1.992,1477.2730000000001
2020-01-26,1.686,1.77,1477.127
2020-01-27,1.648,2.062,1476.551
2020-01-28,1.163,1.735,1475.69
2020-01-29,0.894,1.999,1474.427
2020-01-30,0.964,1.647,1473.581
2020-01-31,0.632,1.601,1472.555
2020-02-01,1.036,2.0140000000000002,1471.419
2020-02-02,0.9450000000000001,1.3190000000000002,1470.716
2020-02-03,1.264,1.584,1470.267
2020-02-04,0.656,2.0900000000000003,1468.675
2020-02-05,0.972,1.489,1467.847
2020-02-06,0.742,1.689,1466.717
2020-02-07,0.44,2.193,1464.522
2020-02-08,0.602,1.928,1462.865
2020-02-09,0.574,2.048,1461.199
2020-02-10,0.971,2.473,1459.425
2020-02-11,0.463,2.301,1457.7189999999998
2020-02-12,0.379,2.283,1455.645
2020-02-13,0.589,2.7680000000000002,1453.494
2020-02-14,0.635,2.253,1451.754
2020-02-15,1.286,2.374,1450.7839999999999
2020-02-16,0.3,2.764,1448.028
2020-02-17,0.618,2.614,1446.207
2020-02-18,0.771,2.326,1444.773
2020-02-19,0.449,2.274,1442.997
2020-02-20,0.332,2.384,1440.762
2020-02-21,0.493,2.565,1438.734
2020-02-22,0.422,3.097,1436.015
2020-02-23,0.72,3.227,1433.72
2020-02-24,0.536,2.782,1431.536
2020-02-25,0.40499999999999997,2.7,1429.2740000000001
2020-02-26,0.364,2.591,1427.121
2020-02-27,0.752,2.597,1425.453
2020-02-28,0.477,2.676,1423.512
2020-02-29,0.36,2.559,1421.126
2020-03-01,0.644,2.745,1419.238
2020-03-02,0.366,3.0829999999999997,1416.76
2020-03-03,0.698,2.4819999999999998,1415.133
2020-03-04,2.302,2.567,1415.242
2020-03-05,2.117,2.448,1406.469
2020-03-06,0.741,2.639,1413.557
2020-03-07,0.924,2.563,1412.228
2020-03-08,9.366,2.664,1419.451
2020-03-09,5.734999999999999,2.757,1422.704
2020-03-10,4.877,3.474,1424.479
2020-03-11,7.29,3.123,1428.951
2020-03-12,5.082,3.08,1431.22
2020-03-13,2.398,2.843,1431.032
2020-03-14,3.4779999999999998,2.799,1432.054
2020-03-15,3.0589999999999997,2.662,1432.7740000000001
2020-03-17,1.924,3.442,1432.681
2020-03-18,1.51,2.44,1432.036
2020-03-19,1.213,2.293,1430.944
2020-03-21,0.9850000000000001,2.304,1428.633
2020-03-22,3.161,2.259,1429.526
2020-03-24,1.621,2.318,1429.425
2020-03-25,3.118,2.83,1430.01
2020-03-26,3.89,2.412,1431.816
2020-03-27,6.228000000000001,1.856,1436.459
2020-03-28,2.807,1.772,1437.769
2020-03-29,3.8189999999999995,2.322,1439.521
2020-03-30,5.187,2.779,1442.25
2020-03-31,8.469,3.29,1447.335
2020-04-01,3.752,3.134,1448.199
2020-04-02,2.4010000000000002,2.6100000000000003,1448.146
2020-04-03,5.5360000000000005,2.405,1451.5720000000001
2020-04-04,5.917,1.661,1456.139
2020-04-05,3.818,1.705,1458.547
2020-04-06,3.063,2.43,1459.329
2020-04-07,1.993,2.332,1459.052
2020-04-08,1.9160000000000001,2.238,1458.699
2020-04-09,1.444,2.314,1457.848
2020-04-10,1.772,2.318,1457.335
2020-04-11,1.246,2.512,1455.911
2020-04-12,2.096,2.347,1455.73
2020-04-13,0.918,2.735,1453.583
2020-04-14,1.488,2.35,1452.5240000000001
2020-04-16,0.916,2.723,1449.055
2020-04-17,0.881,2.7479999999999998,1447.097
2020-04-18,0.8160000000000001,3.017,1444.606
2020-04-19,2.632,3.065,1444.0829999999999
2020-04-20,1.333,2.789,1442.368
2020-04-21,3.959,3.181,1443.179
2020-04-22,3.798,1.583,1445.539
2020-04-23,2.275,1.499,1446.49
2020-04-24,1.988,2.243,1446.364
2020-04-26,2.324,2.29,1446.396
2020-04-27,3.338,1.849,1447.564
2020-04-28,3.481,2.153,1448.9099999999999
2020-04-29,6.4190000000000005,1.56,1453.94
2020-04-30,5.615,1.454,1457.933
2020-05-01,2.845,1.9749999999999999,1458.6660000000002
2020-05-02,1.498,1.648,1458.248
2020-05-03,1.238,1.742,1457.343
2020-05-05,1.623,2.367,1454.641
2020-05-06,0.863,2.767,1452.239
2020-05-07,0.516,2.719,1449.791
2020-05-08,1.146,2.95,1447.653
2020-05-09,0.553,3.399,1443.947
2020-05-10,0.634,2.089,1442.196
2020-05-11,0.273,3.481,1438.221
2020-05-12,0.40199999999999997,2.814,1435.385
2020-05-13,0.365,3.111,1431.96
2020-05-14,0.255,3.218,1428.319
2020-05-15,0.498,3.104,1425.0919999999999
2020-05-16,0.5660000000000001,2.759,1422.351
2020-05-17,0.252,3.227,1418.778
2020-05-18,0.163,3.385,1415.181
2020-05-19,0.318,2.825,1412.454
2020-05-20,0.521,3.146,1409.3980000000001
2020-05-21,0.082,3.015,1405.874
2020-05-22,0.628,2.804,1403.453
2020-05-26,0.447,2.964,1391.198
2020-05-27,0.212,3.22,1387.653
2020-05-28,0.154,3.336,1383.849
2020-05-29,0.501,3.441,1380.4669999999999
2020-05-31,0.331,3.593,1372.925
2020-06-01,0.437,3.757,1368.8990000000001
2020-06-02,2.731,3.399,1382.3909999999998
2020-06-03,5.069,4.223,1382.6209999999999
2020-06-04,1.309,4.292,1379.261
2020-06-05,0.966,3.2830000000000004,1376.523
2020-06-06,0.491,3.935,1372.21
2020-06-07,0.606,3.9370000000000003,1368.1109999999999
2020-06-09,0.483,3.589,1360.227
2020-06-10,2.437,3.571,1358.725
2020-06-11,0.65,3.573,1355.158
2020-06-12,0.47200000000000003,3.598,1351.397
2020-06-13,0.5609999999999999,3.62,1347.754
2020-06-14,0.415,3.815,1343.5220000000002
2020-06-15,0.429,3.872,1339.335
2020-06-16,0.35500000000000004,3.627,1335.404
2020-06-17,0.188,3.779,1331.199
2020-06-18,0.169,4.023,1326.436
2020-06-19,0.293,3.978,1322.031
2020-06-20,0.32999999999999996,4.007,1317.642
2020-06-21,0.138,4.0120000000000005,1312.978
2020-06-22,0.094,4.089,1308.246
2020-06-23,0.092,3.949,1303.181
2020-06-24,0.421,3.838,1298.75
2020-06-25,0.454,4.152,1294.338
2020-07-02,0.11399999999999999,4.395,1264.353
2020-07-03,0.254,4.654,1259.26
2020-07-04,0.436,4.558,1254.385
2020-07-05,0.11,4.46,1248.8609999999999
2020-07-06,0.11699999999999999,4.87,1243.516
2020-07-07,0.232,4.318,1238.717
2020-07-08,0.153,4.571,1233.391
2020-07-09,0.457,4.574,1228.592
2020-07-10,0.34099999999999997,4.569,1223.899
2020-07-11,0.301,4.539,1219.208
2020-07-12,0.255,4.562,1209.184
2020-07-13,0.20600000000000002,4.438,1204.549
2020-07-14,0.369,4.694,1204.764
2020-07-15,0.7979999999999999,4.579,1200.644
2020-07-16,0.6990000000000001,4.223,1196.974
2020-07-17,0.619,4.048,1193.232
2020-07-18,0.431,4.14,1189.152
2020-07-19,0.092,4.304,1184.321
2020-07-20,0.45,4.391,1180.0220000000002
2020-07-21,0.207,4.19,1175.5700000000002
2020-07-22,0.191,4.019,1171.362
2020-07-23,0.163,4.227,1166.913
2020-07-24,0.279,4.359,1162.431
2020-07-25,0.43,4.599,1158.01
2020-07-26,0.333,4.271,1153.495
2020-07-27,0.236,4.515,1148.91
2020-07-28,0.5,4.343,1144.621
2020-07-29,0.2,4.42,1139.8600000000001
2020-07-30,0.10300000000000001,4.496,1135.008
2020-07-31,0.14500000000000002,4.394,1129.87
2020-08-01,0.438,4.156,1125.941
2020-08-02,0.369,3.8930000000000002,1121.745
2020-08-03,0.369,4.172,1117.452
2020-08-04,0.46399999999999997,3.798,1113.759
2020-08-05,1.4749999999999999,4.025,1110.809
2020-08-06,0.317,3.746,1106.444
2020-08-07,0.195,3.7100000000000004,1102.285
2020-08-08,0.498,4.022,1098.32
2020-08-09,0.233,3.766,1094.302
2020-08-10,0.323,4.038,1090.504
2020-08-11,0.091,3.68,1086.288
2020-08-12,0.145,3.6,1082.505
2020-08-13,0.329,3.704,1078.834
2020-08-14,0.16,3.6260000000000003,1074.859
2020-08-15,1.116,3.777,1071.923
2020-08-16,0.481,4.065,1067.9360000000001
2020-08-17,1.1420000000000001,4.321,1064.646
2020-08-18,1.9909999999999999,3.907,1062.434
2020-08-19,0.798,4.013,1058.883
2020-08-21,0.294,3.7800000000000002,1050.946
2020-08-22,0.404,3.8480000000000003,1047.048
2020-08-23,0.491,3.813,1043.29
2020-08-24,0.188,4.132,1039.0629999999999
2020-08-25,0.11900000000000001,3.8760000000000003,1034.903
2020-08-26,0.203,3.894,1030.815
2020-08-27,0.22899999999999998,3.926,1026.729
2020-08-28,0.504,3.9150000000000005,1023.0690000000001
2020-08-29,0.34500000000000003,3.857,1019.321
2020-08-30,0.2,3.7990000000000004,1015.43
2020-08-31,0.374,4.182,1011.377
2020-09-01,0.314,3.869,1005.076
2020-09-02,0.292,3.7350000000000003,1001.108
2020-09-03,3.871,3.4619999999999997,1001.196
2020-09-04,1.177,3.696,998.432
2020-09-05,1.334,6.352,1991.376
2020-09-06,10.255,3.1710000000000003,1002.698
2020-09-07,2.692,3.647,1001.952
2020-09-08,0.843,3.166,999.631
2020-09-09,1.9060000000000001,3.607,995.8119999999999
2020-09-10,2.348,3.115,994.817
2020-09-11,9.916,3.045,1001.939
2020-09-12,4.837,2.032,1004.823
2020-09-13,4.709,1.923,1007.508
2020-09-14,3.755,1.822,1009.71
2020-09-15,5.043,2.9690000000000003,1011.615
2020-09-16,2.439,1.766,1012.4490000000001
2020-09-17,1.538,1.921,1012.1650000000001
2020-09-18,1.057,2.871,1010.3960000000001
2020-09-19,0.812,2.871,1008.36
2020-09-20,0.881,3.043,1006.2109999999999
2020-09-21,0.9,3.0140000000000002,1004.3589999999999
2020-09-22,4.53,2.968,1005.9159999999999
2020-09-23,5.563000000000001,2.132,1009.463
2020-09-24,0.8190000000000001,2.086,1006.689
2020-09-25,1.31,2.645,1005.169
2020-09-26,0.503,2.4299999999999997,1002.6759999999999
2020-09-27,1.0250000000000001,2.4130000000000003,1000.852
2020-09-28,0.224,2.59,997.729
2020-09-29,0.264,2.814,995.048
2020-09-30,0.494,3.012,992.5459999999999
2020-10-01,0.774,3.243,989.927
2020-10-02,0.436,2.785,987.064
2020-10-03,0.8800000000000001,3.2119999999999997,984.396
2020-10-04,0.33,3.1839999999999997,981.437
2020-10-05,0.426,3.022,978.7429999999999
2020-10-06,0.33699999999999997,2.912,976.056
2020-10-07,0.748,3.0919999999999996,973.815
2020-10-08,0.506,2.952,971.4159999999999
2020-10-09,0.447,3.23,968.4780000000001
2020-10-10,0.5720000000000001,3.237,965.7760000000001
2020-10-11,0.416,2.888,962.952
2020-10-12,1.125,3.471,960.911
2020-10-13,2.67,2.514,961.1809999999999
2020-10-14,0.766,2.615,959.396
2020-10-15,0.974,2.966,957.443
2020-10-16,1.066,2.7520000000000002,955.81
2020-10-17,0.512,2.741,953.4989999999999
2020-10-18,0.527,3.167,950.75
2020-10-19,0.556,3.188,948.1129999999999
2020-10-20,0.265,2.837,945.6189999999999
2020-10-21,0.341,2.886,942.755
2020-10-22,0.469,3.2079999999999997,939.794
2020-10-23,0.731,2.884,937.577
2020-10-24,0.5680000000000001,3.006,935.099
2020-10-25,0.495,2.865,932.755
2020-10-26,0.599,3.076,930.6080000000001
2020-10-27,0.665,2.877,928.481
2020-10-28,0.421,2.509,926.465
2020-10-29,1.5419999999999998,3.041,924.948
2020-10-30,0.604,2.73,922.896
2020-10-31,0.785,2.8,920.943
2020-11-01,0.48,2.742,918.702
2020-11-02,0.533,3.076,916.243
2020-11-03,0.641,2.766,914.195
2020-11-04,0.703,3.058,911.918
2020-11-05,0.722,2.6399999999999997,910.193
2020-11-06,0.672,3.034,908.019
2020-11-07,0.352,2.809,905.431
2020-11-08,0.508,3.141,902.876
2020-11-09,0.388,3.031,900.211
2020-11-10,0.45799999999999996,2.859,897.926
2020-11-11,0.23600000000000002,2.634,895.434
2020-11-12,0.383,2.8449999999999998,893.042
2020-11-13,0.525,2.826,890.821
2020-11-14,0.551,2.612,888.795
2020-11-15,0.375,2.9139999999999997,886.208
2020-11-16,0.226,2.859,883.445
2020-11-17,0.75,2.945,881.499
2020-11-18,0.66,2.612,879.759
2020-11-19,3.024,2.775,880.379
2020-11-20,1.418,2.61,879.561
2020-11-21,3.169,1.825,881.295
2020-11-22,5.6129999999999995,1.817,885.6460000000001
2020-11-23,16.376,1.7630000000000001,900.825
2020-11-24,8.005,3.5850000000000004,905.467
2020-11-25,7.4030000000000005,1.5219999999999998,911.413
2020-11-26,2.734,1.65,912.569
2020-11-27,2.626,2.565,912.862
2020-11-28,2.362,2.268,913.095
2020-11-29,2.413,2.1919999999999997,913.5
2020-11-30,3.297,2.271,914.917
2020-12-01,1.971,2.134,914.891
2020-12-02,1.6700000000000002,2.158,914.611
2020-12-03,4.035,2.105,916.795
2020-12-04,6.08,2.522,920.538
2020-12-05,2.917,3.468,920.177
2020-12-06,2.751,2.585,920.516
2020-12-07,5.034,2.102,923.596
2020-12-08,1.899,1.5539999999999998,923.856
2020-12-09,2.862,1.5519999999999998,925.076
2020-12-10,11.923,2.2159999999999997,934.731
2020-12-11,9.691,2.005,942.2909999999999
2020-12-12,16.679000000000002,1.714,957.303
2020-12-13,22.535,1.684,978.153
2020-12-14,15.178,1.9709999999999999,991.1899999999999
2020-12-15,4.644,1.887,990.981
2020-12-16,4.09,3.3449999999999998,991.672
2020-12-17,4.3020000000000005,1.9769999999999999,993.875
2020-12-18,4.335,1.6179999999999999,996.528
2020-12-19,3.6319999999999997,1.95,998.187
2020-12-20,4.614,1.699,1001.113
2020-12-21,7.968,1.849,1007.1659999999999
2020-12-22,7.124,2.332,987.2139999999999
2020-12-23,2.785,1.662,1012.555
2020-12-24,2.471,1.611,1013.211
2020-12-25,2.261,1.811,1013.497
2020-12-26,5.279,1.635,1017.077
2020-12-27,31.798000000000002,4.526999999999999,1044.338
2020-12-28,30.003,5.4639999999999995,1068.815
2020-12-29,7.492,1.987,1074.238
2020-12-30,5.086,1.1969999999999998,1078.064
2020-12-31,7.841,1.345,1084.411
2021-01-01,9.198,2.518,1090.985
2021-01-02,4.534,1.653,1093.661
2021-01-03,3.329,1.597,1095.264
2021-01-04,3.12,1.1680000000000001,1096.914
2021-01-05,2.7199999999999998,0.798,1098.691
2021-01-06,1.894,0.625,1099.818
2021-01-07,1.652,0.863,1100.465
2021-01-08,1.9569999999999999,0.9560000000000001,1101.289
2021-01-09,1.78,0.984,1101.99
2021-01-10,1.156,1.311,1101.644
2021-01-11,2.0709999999999997,1.157,1102.4460000000001
2021-01-12,2.953,1.567,1103.722
2021-01-13,7.6049999999999995,2.144,1109.052
2021-01-14,3.201,2.206,1108.597
2021-01-15,1.853,2.1590000000000003,1108.18
2021-01-16,4.385,1.77,1110.709
2021-01-17,6.304,2.3689999999999998,1113.135
2021-01-18,7.367,5.368,1114.994
2021-01-19,3.681,1.7389999999999999,1116.8400000000001
2021-01-20,3.714,1.872,1118.571
2021-01-21,3.5980000000000003,1.5659999999999998,1120.462
2021-01-22,3.331,1.4469999999999998,1122.241
2021-01-23,2.839,1.386,1123.5610000000001
2021-01-24,3.837,1.4380000000000002,1125.893
2021-01-25,4.444,1.832,1128.357
2021-01-26,8.372,1.3980000000000001,1135.256
2021-01-27,14.62,1.4080000000000001,1148.354
2021-01-28,4.409,2.458,1150.21
2021-01-29,3.924,2.785,1151.156
2021-01-30,2.8,2.281,1151.5230000000001
2021-01-31,2.387,1.812,1151.352
2021-02-01,6.119,1.257,1156.103
2021-02-02,7.327,1.733,1161.555
2021-02-03,4.501,1.748,1164.21
2021-02-04,3.455,1.652,1165.96
2021-02-05,2.765,1.595,1120.1889999999999
2021-02-06,3.498,1.673,1168.975
2021-02-07,2.875,1.7109999999999999,1169.991
2021-02-08,2.6719999999999997,1.556,1153.909
2021-02-09,2.195,1.574,1154.4789999999998
2021-02-10,1.547,1.56,1154.278
2021-02-11,4.912,1.669,1157.485
2021-02-12,2.927,1.915,1158.323
2021-02-13,1.373,2.8449999999999998,1156.185
2021-02-14,2.289,1.401,1156.998
2021-02-15,2.239,1.698,1157.413
2021-02-16,1.62,2.114,1156.824
2021-02-17,1.569,2.08,1156.063
2021-02-18,1.824,2.665,1155.05
2021-02-19,1.212,1.73,1154.2549999999999
2021-02-20,1.152,1.72,1153.51
2021-02-21,1.1560000000000001,1.681,1152.849
2021-02-22,0.718,1.678,1151.564
2021-02-23,0.7709999999999999,1.725,1150.2549999999999
2021-02-24,0.726,1.6360000000000001,1148.873
2021-02-25,1.037,1.589,1148.098
2021-02-26,0.6429999999999999,1.568,1147.004
2021-02-27,0.646,1.607,1145.894
2021-02-28,0.324,1.6989999999999998,1144.4250000000002
2021-03-01,0.979,1.741,1143.251
2021-03-02,0.631,1.7409999999999999,1141.711
2021-03-03,0.736,1.698,1140.424
2021-03-04,0.217,1.649,1138.526
2021-03-05,0.542,1.612,1136.96
2021-03-06,0.6010000000000001,1.606,1135.769
2021-03-07,0.614,1.625,1134.2450000000001
2021-03-08,0.679,2.196,1132.5520000000001
2021-03-09,0.761,2.193,1131.26
2021-03-10,1.269,2.246,1130.473
2021-03-11,0.512,2.3,1128.753
2021-03-12,1.064,2.232,1127.774
2021-03-13,0.821,2.164,1126.492
2021-03-14,0.435,2.151,1124.885
2021-03-15,1.078,2.236,1123.537
2021-03-16,0.504,2.105,1121.845
2021-03-17,0.39299999999999996,2.185,1119.898
2021-03-18,1.135,2.141,1119.069
2021-03-19,0.653,2.35,1117.5629999999999
2021-03-20,3.096,2.096,1118.89
2021-03-21,5.69,1.895,1123.081
2021-03-22,18.935,5.833,1135.22
2021-03-23,12.153,13.464,1138.108
2021-03-24,6.0760000000000005,2.702,1141.453
2021-03-25,3.9629999999999996,3.619,1141.94
2021-03-26,4.248,2.041,1144.357
2021-03-27,5.093,2.104,1147.441
2021-03-28,4.917,2.259,1150.218
2021-03-29,3.4149999999999996,2.182,1151.608
2021-03-30,2.362,2.008,1152.087
2021-03-31,1.2510000000000001,2.18,1151.225
2021-04-01,1.49,2.267,1150.618
2021-04-02,1.1360000000000001,2.298,1149.584
2021-04-03,0.899,2.487,1148.037
2021-04-04,0.915,2.722,1146.401
2021-04-05,0.929,2.694,1144.771
2021-04-06,0.476,2.4899999999999998,1142.912
2021-04-07,0.66,2.651,1139.616
2021-04-08,0.212,2.386,1144.9850000000001
2021-04-09,0.928,2.45,1143.328
2021-04-10,1.006,2.6599999999999997,1141.658
2021-04-11,0.266,2.63,1138.877
2021-04-12,0.727,2.584,1136.47
2021-04-13,0.7979999999999999,2.538,1134.787
2021-04-14,0.215,2.346,1132.3310000000001
2021-04-15,1.3739999999999999,3.221,1130.604
2021-04-16,0.864,2.264,1129.517
2021-04-17,2.842,2.203,1130.518
2021-04-18,5.61,1.8519999999999999,1134.693
2021-04-19,4.352,3.375,1136.083
2021-04-20,3.386,2.464,1137.329
2021-04-21,2.072,2.477,1137.164
2021-04-22,2.0909999999999997,2.642,1136.77
2021-04-23,2.301,2.535,1136.984
2021-04-24,3.035,2.595,1137.965
2021-04-25,1.286,2.48,1137.139
2021-04-26,1.443,2.516,1135.789
2021-04-27,1.58,2.612,1135.028
2021-04-28,0.74,2.482,1133.276
2021-04-29,0.881,2.618,1131.723
2021-04-30,1.102,2.687,1130.285
2021-05-01,0.798,2.716,1128.467
2021-05-02,0.383,2.939,1126.056
2021-05-03,2.14,2.627,1125.728
2021-05-04,0.747,2.415,1124.373
2021-05-05,0.768,2.511,1122.791
2021-05-06,1.037,2.4890000000000003,1121.627
2021-05-12,1.042,2.67,1117.5449999999998
2021-05-13,0.709,2.5500000000000003,1115.805
2021-05-14,0.831,2.088,1113.994
2021-05-15,0.704,2.901,1111.69
2021-05-16,0.709,2.985,1109.4350000000002
2021-05-17,0.764,2.954,1106.422
2021-05-18,0.44000000000000006,2.961,1103.744
2021-05-19,0.5349999999999999,3.294,1100.799
2021-05-20,0.343,3.278,1097.13
2021-05-21,1.041,3.496,1094.5130000000001
2021-05-22,0.689,3.513,1091.577
2021-05-23,0.354,3.6100000000000003,1087.943
2021-05-24,0.761,3.339,1084.952
2021-05-25,0.40399999999999997,4.412,1080.845
2021-05-26,0.753,2.433,1079.139
2021-05-27,0.383,4.351,1074.435
2021-05-28,0.6679999999999999,2.371,1072.856
2021-05-29,0.247,4.331,1068.613
2021-05-30,0.504,1.9689999999999999,1066.609
2021-05-31,0.54,4.3420000000000005,1062.4379999999999
2021-06-01,0.339,2.419,1060.331
2021-06-02,0.295,4.517,1055.836
2021-06-03,0.64,2.402,1053.926
2021-06-04,0.657,4.587,1049.942
2021-06-05,0.9079999999999999,2.338,1048.025
2021-06-06,0.7,4.626,1044.089
2021-06-07,0.513,3.692,1040.259
2021-06-08,0.606,3.61,1036.99
2021-06-09,0.161,3.808,1033.028
2021-06-10,0.33299999999999996,3.807,1029.458
2021-06-11,0.247,3.509,1025.6970000000001
2021-06-12,0.092,3.824,1021.658
2021-06-13,0.531,3.509,1018.681
2021-06-14,0.5800000000000001,3.883,1014.975
2021-06-15,0.158,3.6279999999999997,1010.9010000000001
2021-06-16,0.596,3.685,1007.437
2021-06-17,0.082,3.665,1003.084
2021-06-18,0.51,4.004,999.496
2021-06-19,0.205,3.964,995.266
2021-06-20,0.216,4.066,990.962
2021-06-21,0.787,4.078,1030.644
2021-06-22,0.522,4.091,1026.787
2021-06-23,0.244,4.077,1022.68
2021-06-24,0.543,3.975,1018.986
2021-06-25,0.194,3.872,1014.84
2021-06-26,0.223,3.799,968.297
2021-06-28,0.771,4.026,1002.717
2021-06-29,0.46099999999999997,3.7199999999999998,998.893
2021-06-30,0.287,3.852,995.014
2021-07-01,0.4,3.703,991.4110000000001
2021-07-02,0.171,3.835,987.19
2021-07-03,0.356,3.782,941.818
2021-07-04,0.139,3.819,937.728
2021-07-05,0.621,3.842,974.773
2021-07-07,0.21200000000000002,3.656,966.46
2021-07-08,0.608,4.091,962.5310000000001
2021-07-09,0.119,3.9490000000000003,958.25
2021-07-10,0.369,3.982,913.9399999999999
2021-07-11,0.217,3.859,909.646
2021-07-12,0.828,4.231,945.915
2021-07-13,0.343,4.044,941.589
2021-07-14,0.477,4.075,937.427
2021-07-15,0.255,4.087,933.271
2021-07-16,0.466,4.28,929.032
2021-07-17,0.154,3.9429999999999996,924.553
2021-07-18,0.131,3.892,920.246
2021-07-19,0.462,3.758,916.291
2021-07-20,0.42,3.915,912.3280000000001
2021-07-21,0.373,3.366,908.382
2021-07-22,0.134,3.898,904.139
2021-07-23,0.36100000000000004,3.709,900.537
2021-07-24,0.243,3.818,896.5350000000001
2021-07-25,0.198,3.749,892.69
2021-07-27,0.264,3.953,884.533
2021-07-28,0.442,3.996,880.448
2021-07-29,0.197,3.722,876.2959999999999
2021-07-30,0.421,3.724,872.527
2021-07-31,0.449,3.718,868.814
2021-08-01,0.183,3.836,864.201
2021-08-02,0.694,3.62,860.796
2021-08-03,0.229,3.535,856.894
2021-08-04,0.127,3.6340000000000003,852.843
2021-08-05,0.357,3.721,847.976
2021-08-06,0.361,3.564,845.751
2021-08-07,0.185,3.608,842.102
2021-08-08,0.149,3.793,837.837
2021-08-09,0.612,3.794,834.188
2021-08-10,0.45299999999999996,3.6130000000000004,830.725
2021-08-11,0.255,3.5869999999999997,826.777
2021-08-12,0.239,3.613,823.059
2021-08-13,0.40900000000000003,3.4810000000000003,784.729
2021-08-14,0.191,3.449,781.127
2021-08-15,0.145,3.564,777.585
2021-08-16,0.225,3.581,808.217
2021-08-17,0.32,3.68,804.59
2021-08-18,0.416,3.576,801.116
2021-08-19,0.283,4.676,796.313
2021-08-20,2.114,3.554,794.793
2021-08-21,0.655,3.445,758.288
2021-08-22,0.452,3.394,755.235
2021-08-23,0.29700000000000004,3.514,784.996
2021-08-24,0.432,3.4,781.4870000000001
2021-08-25,0.795,3.404,778.536
2021-08-26,1.957,3.661,777.2860000000001
2021-08-27,1.679,3.084,775.9150000000001
2021-08-28,1.008,3.139,773.644
2021-08-29,0.46099999999999997,3.231,770.708
2021-08-30,0.639,3.153,767.719
2021-08-31,0.805,3.2979999999999996,765.19
2021-09-01,0.489,3.2729999999999997,762.582
2021-09-02,0.473,4.013999999999999,759.039
2021-09-03,0.349,3.083,756.616
2021-09-04,0.663,2.931,754.534
2021-09-05,0.5599999999999999,3.038,751.913
2021-09-06,0.554,3.1679999999999997,748.822
2021-09-07,1.615,3.771,745.839
2021-09-08,0.293,3.073,742.956
2021-09-09,0.273,3.003,740.164
2021-09-10,0.6739999999999999,2.957,738.157
2021-09-11,0.458,3.055,735.824
2021-09-12,0.384,3.038,733.247
2021-09-13,0.586,2.903,730.386
2021-09-14,0.545,2.83,728.126
2021-09-15,0.27,2.928,725.595
2021-09-16,0.28400000000000003,2.924,722.845
2021-09-17,0.263,3.016,720.018
2021-09-18,0.277,3.029,717.49
2021-09-19,0.23,3.012,714.956
2021-09-20,0.382,2.932,712.573
2021-09-21,0.272,2.97,709.697
2021-09-22,0.567,2.821,707.683
2021-09-23,0.41200000000000003,3.055,705.279
2021-09-24,0.184,2.835,702.748
2021-09-26,0.14,3.022,697.62
2021-09-27,0.39,2.961,695.232
2021-09-28,0.238,2.946,692.624
2021-09-29,0.331,2.937,690.352
2021-09-30,0.255,2.8,688.128
2021-10-01,0.264,2.971,685.633
2021-10-02,0.261,3.016,683.283
2021-10-03,1.1680000000000001,2.956,681.705
2021-10-04,0.256,2.9059999999999997,678.844
2021-10-05,0.602,2.772,677.111
2021-10-06,0.619,2.771,675.123
2021-10-07,0.416,2.806,672.945
2021-10-08,0.21,2.863,670.604
2021-10-09,0.907,2.768,669.103
2021-10-10,2.202,2.596,669.208
2021-10-11,0.5309999999999999,2.533,667.3929999999999
2021-10-12,0.43,2.677,665.285
2021-10-13,0.324,2.673,663.11
2021-10-14,1.288,2.488,662.486
2021-10-16,0.595,2.523,655.062
2021-10-17,0.455,2.616,653.1469999999999
2021-10-18,0.332,2.162,651.301
2021-10-19,0.447,2.63,654.317
2021-10-20,0.33799999999999997,2.541,652.5680000000001
2021-10-21,0.438,2.518,651.0889999999999
2021-10-22,0.336,2.489,649.363
2021-10-23,0.308,2.407,643.098
2021-10-24,2.991,2.394,666.448
2021-10-25,29.778,1.816,681.973
2021-10-26,34.245,3.279,713.403
2021-10-27,11.866,1.4320000000000002,723.708
2021-10-28,6.886,1.028,729.323
2021-10-29,2.43,1.145,730.258
2021-10-30,1.6239999999999999,1.181,730.439
2021-10-31,1.308,1.141,730.334
2021-11-01,1.443,1.728,729.737
2021-11-02,0.79,1.537,728.793
2021-11-03,1.1079999999999999,1.8519999999999999,728.219
2021-11-04,0.929,1.924,727.37
2021-11-05,0.836,1.907,726.457
2021-11-06,0.894,1.91,725.61
2021-11-07,0.724,1.854,724.407
2021-11-08,0.627,2.083,723.185
2021-11-09,1.5879999999999999,1.903,722.929
2021-11-10,1.7029999999999998,1.742,722.867
2021-11-11,0.806,1.777,721.95
2021-11-12,0.7090000000000001,1.946,720.793
2021-11-13,0.621,1.8519999999999999,719.45
2021-11-14,0.522,1.859,718.147
2021-11-15,0.837,1.957,717.18
2021-11-16,1.583,2.018,716.956
2021-11-17,1.231,2.09,716.37
2021-11-18,1.579,1.788,716.244
2021-11-19,2.831,1.883,717.267
2021-11-20,1.14,1.9609999999999999,716.567
2021-11-21,1.1380000000000001,1.9899999999999998,715.902
2021-11-22,0.567,2.1109999999999998,714.682
2021-11-23,0.728,1.878,713.812
2021-11-24,0.643,2.024,712.601
2021-11-25,0.623,1.954,711.432
2021-11-26,0.712,1.949,710.457
2021-11-27,0.36,2.062,708.854
2021-11-28,0.5810000000000001,2.177,707.389
2021-11-29,4.8870000000000005,3.001,709.771
2021-11-30,24.132,4.0809999999999995,729.761
2021-12-01,3.888,2.509,730.947
2021-12-02,2.328,2.048,731.1
2021-12-03,6.388999999999999,2.032,735.353
2021-12-04,24.263,2.702,756.86
2021-12-05,7.24,2.827,761.006
2021-12-06,17.301,3.213,775.027
2021-12-07,36.667,5.288,806.254
2021-12-08,11.188,1.99,815.365
2021-12-09,7.325,2.09,820.506
2021-12-10,31.6,2.618,849.412
2021-12-11,49.879,7.185,891.986
2021-12-12,43.429,6.216,929.118
2021-12-13,16.44,5.886,939.5899999999999
2021-12-14,9.379,1.093,947.76
2021-12-15,12.146,1.522,950.071
2021-12-16,6.039000000000001,1.8880000000000001,955.707
2021-12-17,5.359,2.635,958.249
2021-12-18,4.401,1.802,960.717
2021-12-19,3.952,1.923,962.614
2021-12-20,3.46,2.199,963.582
2021-12-21,2.019,4.833,960.557
2021-12-22,2.427,1.08,961.76
2021-12-23,1.917,1.1,962.427
2021-12-24,1.812,1.386,962.735
2021-12-25,1.601,1.388,962.687
2021-12-26,1.278,1.393,962.378
2021-12-27,1.3719999999999999,1.401,962.056
2021-12-28,1.694,1.44,962.2139999999999
2021-12-29,1.472,1.39,962.138
2021-12-30,0.811,1.395,961.383
2021-12-31,1.8,1.618,961.331
2022-01-01,1.56,1.792,960.913
2022-01-02,1.6320000000000001,1.776,960.642
2022-01-03,1.3499999999999999,1.837,959.878
2022-01-04,1.0390000000000001,2.173,958.459
2022-01-05,0.8420000000000001,2.2110000000000003,956.9069999999999
2022-01-06,1.01,1.422,956.347
2022-01-07,1.8210000000000002,1.718,956.271
2022-01-08,6.848,3.16,959.878
2022-01-09,40.106,10.475000000000001,989.462
2022-01-10,31.588,12.607,1008.405
2022-01-11,68.976,17.887,1059.458
2022-01-12,19.901,12.663,1066.65
2022-01-13,20.709,5.763,1081.578
2022-01-14,20.059,16.331,1085.293
2022-01-15,16.3,8.264999999999999,1093.11
2022-01-17,12.552000000000001,1.231,1115.849
2022-01-18,11.090000000000002,1.2429999999999999,1125.522
2022-01-19,8.965,1.287,1133.076
2022-01-20,6.8469999999999995,1.412,1138.353
2022-01-21,5.2829999999999995,1.517,1142.001
2022-01-22,3.944,2.228,1143.576
2022-01-23,5.945,1.577,1147.871
2022-01-24,3.714,1.928,1149.536
2022-01-26,2.158,1.12,1143.0
2022-01-27,2.508,1.756,1143.613
2022-01-28,2.6229999999999998,1.19,1144.929
2022-01-29,1.397,1.255,1144.897
2022-01-30,2.1510000000000002,1.19,1145.67
2022-01-31,1.551,1.19,1145.846
2022-02-01,1.8090000000000002,2.125,1145.37
2022-02-02,1.742,1.184,1145.758
2022-02-03,2.686,2.698,1145.6
2022-02-04,1.8,2.2039999999999997,1145.006
2022-02-05,1.532,1.07,1145.052
2022-02-06,1.68,1.183,1144.627
2022-02-07,1.69,1.408,1145.44
2022-02-08,1.619,1.423,1145.48
2022-02-09,1.595,1.405,1145.464
2022-02-11,1.578,1.43,1145.329
2022-02-12,1.27,1.464,1145.032
2022-02-13,1.062,1.482,1144.521
2022-02-14,1.307,1.458,1144.193
2022-02-15,1.034,1.464,1143.286
2022-02-16,1.689,1.437,1143.17
2022-02-17,1.815,1.482,1143.15
2022-02-18,1.304,1.466,1142.753
2022-02-19,1.764,1.45,1142.928
2022-02-20,0.512,1.468,859.269
2022-02-21,1.006,1.52,858.936
2022-02-22,1.19,1.539,858.7230000000001
2022-02-23,2.113,1.845,1140.194
2022-02-24,1.129,1.8719999999999999,1139.41
2022-02-25,0.8230000000000001,1.912,1138.202
2022-02-26,0.992,1.945,1137.335
2022-02-27,0.734,2.504,1135.394
2022-02-28,0.857,1.8760000000000001,1134.3029999999999
2022-03-01,1.792,1.8199999999999998,1134.501
2022-03-02,1.101,1.7289999999999999,1134.1
2022-03-03,1.275,1.771,1133.846
2022-03-04,1.3719999999999999,1.908,1133.451
2022-03-05,1.047,1.909,1132.638
2022-03-06,2.096,1.871,1133.124
2022-03-07,1.672,1.903,1133.193
2022-03-08,1.672,1.8579999999999999,1133.193
2022-03-09,0.8099999999999999,1.883,1132.192
2022-03-10,0.739,1.927,1131.081
2022-03-11,1.4669999999999999,1.9,1130.732
2022-03-12,0.603,1.599,850.363
2022-03-13,1.958,1.8900000000000001,1130.253
2022-03-14,1.443,1.927,1130.01
2022-03-15,1.318,2.891,1128.515
2022-03-16,1.429,2.111,1127.8519999999999
2022-03-17,1.059,2.169,1126.65
2022-03-18,0.592,1.976,1124.78
2022-03-19,1.655,1.8699999999999999,1124.66
2022-03-20,52.379,1.795,1175.481
2022-03-21,24.293,2.3689999999999998,1197.737
2022-03-22,7.658,1.814,1203.795
2022-03-23,5.14,1.589,1207.376
2022-03-24,4.909,1.57,1205.4769999999999
2022-03-25,3.6180000000000003,1.523,1212.896
2022-03-26,2.667,2.763,1212.698
2022-03-27,1.738,1.984,1211.821
2022-03-28,2.2550000000000003,2.079,1211.989
2022-03-29,2.302,1.962,1212.17
2022-03-30,1.254,1.965,1211.171
2022-03-31,2.494,1.984,1211.673
2022-04-01,3.341,2.4770000000000003,1212.592
2022-04-02,1.486,2.065,1212.0520000000001
2022-04-03,2.174,1.994,1212.174
2022-04-04,0.94,2.129,1211.115
2022-04-05,1.087,2.016,1210.1419999999998
2022-04-06,1.111,2.096,1208.905
2022-04-07,1.1039999999999999,2.073,1207.663
2022-04-08,1.538,2.089,1206.988
2022-04-09,1.109,2.083,1205.885
2022-04-10,1.03,1.989,1204.389
2022-04-11,1.389,2.238,1203.199
2022-04-12,1.1420000000000001,2.308,1201.6779999999999
2022-04-13,0.746,2.4,1199.151
2022-04-14,0.866,2.305,1197.369
2022-04-15,0.9719999999999999,2.258,1195.626
2022-04-16,0.971,2.131,1194.414
2022-04-17,1.177,2.053,1193.342
2022-04-18,0.465,2.217,1191.184
2022-04-19,0.683,2.158,1189.502
2022-04-20,0.669,2.112,1187.715
2022-04-21,0.835,2.153,1186.193
2022-04-22,3.193,2.103,1187.3
2022-04-23,2.802,2.13,1187.838
2022-04-24,1.046,2.26,1186.27
2022-04-25,0.873,2.415,1184.548
2022-04-26,0.9,2.319,1182.758
2022-04-27,0.9319999999999999,2.4539999999999997,1180.974
2022-04-28,0.58,2.424,1178.7820000000002
2022-04-29,1.1099999999999999,2.381,1177.447
2022-04-30,0.6779999999999999,2.417,1175.6
2022-05-01,0.755,2.4499999999999997,1173.669
2022-05-02,0.533,2.274,1171.818
2022-05-04,0.398,2.517,1167.8319999999999
2022-05-05,0.8190000000000001,2.551,1165.643
2022-05-06,0.807,2.456,1163.187
2022-05-07,2.9509999999999996,2.163,1163.8029999999999
2022-05-08,13.541,4.5009999999999994,1172.952
2022-05-09,3.891,2.525,1174.3120000000001
2022-05-10,2.841,2.469,1174.675
2022-05-11,2.992,2.395,1175.267
2022-05-12,2.425,2.325,1175.0059999999999
2022-05-13,2.1839999999999997,2.457,1174.557
2022-05-14,1.8190000000000002,2.54,1173.387
2022-05-15,1.7269999999999999,2.57,1172.202
2022-05-16,1.075,2.596,1170.396
2022-05-17,0.777,2.513,1168.313
2022-05-18,0.5529999999999999,2.537,1165.621
2022-05-19,0.9209999999999999,2.552,1163.532
2022-05-20,0.485,2.534,1160.857
2022-05-21,0.20500000000000002,2.563,1157.696
2022-05-22,0.434,2.571,1154.817
2022-05-23,0.22999999999999998,2.683,1151.759
2022-05-24,0.518,2.583,1148.979
2022-05-25,0.392,2.541,1146.344
2022-05-26,0.11699999999999999,2.602,1143.186
2022-05-27,0.539,2.5669999999999997,1140.645
2022-05-28,1.147,2.5469999999999997,1138.696
2022-05-29,0.892,2.407,1136.825
2022-05-30,0.265,2.547,1133.794
2022-05-31,0.621,2.554,1131.431
2022-06-01,0.435,2.589,1128.731
2022-06-02,0.7,2.642,1125.821
2022-06-03,0.571,2.562,1122.884
2022-06-04,0.37,2.593,1119.856
2022-06-05,0.195,2.9890000000000003,1116.026
2022-06-06,0.5770000000000001,2.767,1112.74
2022-06-07,0.152,2.653,1109.068
2022-06-08,0.494,2.757,1106.078
2022-06-09,0.213,2.766,1102.342
2022-06-10,0.122,2.739,1098.361
2022-06-11,0.356,2.77,1095.143
2022-06-12,0.243,2.791,1091.7849999999999
2022-06-13,0.599,3.886,1087.807
2022-06-14,0.116,1.988,1084.818
2022-06-15,0.162,3.75,1079.969
2022-06-16,0.28,2.055,1077.275
2022-06-17,0.075,3.85,1072.501
2022-06-18,0.119,2.168,1069.628
2022-06-19,0.12200000000000001,3.851,1064.869
2022-06-20,0.6579999999999999,2.562,1062.462
2022-06-21,0.323,3.928,1057.524
2022-06-22,2.632,1.574,1054.318
2022-06-23,0.12300000000000001,3.942,1049.579
2022-06-24,0.543,2.164,1047.367
2022-06-28,0.154,2.26,1031.466
2022-06-29,0.235,4.171,1026.77
2022-06-30,0.125,2.337,1023.562
2022-07-01,0.23,4.394,1018.588
2022-07-02,0.23,4.394,1018.588
2022-07-03,0.22999999999999998,4.394,1018.588
2022-07-04,0.376,3.33,1007.86
2022-07-05,0.22,3.384,1003.735
2022-07-06,0.22,3.34,999.992
2022-07-07,0.328,3.393,995.846
2022-07-08,0.299,3.6470000000000002,991.483
2022-07-09,0.147,3.236,987.806
2022-07-10,0.183,3.084,983.8439999999999
2022-07-11,0.356,3.541,980.308
2022-07-12,0.527,3.316,976.532
2022-07-13,0.33499999999999996,3.438,972.678
2022-07-14,0.249,3.511,968.761
2022-07-16,0.379,3.5140000000000002,961.05
2022-07-17,0.329,3.5020000000000002,957.172
2022-07-18,0.259,3.6519999999999997,953.345
2022-07-19,0.262,3.322,949.347
2022-07-20,0.23299999999999998,3.371,945.381
2022-07-21,0.224,3.239,941.386
2022-07-22,0.494,3.256,937.661
2022-07-23,0.214,3.3129999999999997,933.5319999999999
2022-07-24,0.309,3.262,929.857
2022-07-25,0.196,3.631,925.9
2022-07-26,0.216,3.312,921.645
2022-07-27,0.324,3.3280000000000003,917.977
2022-07-28,0.383,3.356,914.3639999999999
2022-07-29,1.313,3.431,911.614
2022-07-30,0.551,3.467,907.121
2022-07-31,0.534,3.464,903.8109999999999
2022-08-01,0.453,3.585,900.046
2022-08-02,0.6930000000000001,3.346,896.965
2022-08-03,0.262,3.276,893.2840000000001
2022-08-04,0.13899999999999998,3.163,889.319
2022-08-05,0.183,3.136,885.359
2022-08-06,0.313,3.221,881.633
2022-08-07,0.225,3.228,877.92
2022-08-08,0.6070000000000001,3.265,874.658
2022-08-09,0.41300000000000003,3.31,871.211
2022-08-10,0.306,3.344,867.8820000000001
2022-08-11,0.192,3.205,864.383
2022-08-12,0.223,3.2870000000000004,860.7760000000001
2022-08-13,0.667,3.277,857.722
2022-08-14,0.526,3.319,853.972
2022-08-15,0.32,3.115,850.6569999999999
2022-08-16,0.4,3.083,847.451
2022-08-18,0.277,3.204,840.542
2022-08-19,0.338,3.293,837.134
2022-08-20,0.216,3.354,833.376
2022-08-21,0.28500000000000003,3.3040000000000003,829.521
2022-08-22,0.405,3.37,826.34
2022-08-23,0.352,3.253,823.311
2022-08-24,0.691,3.252,820.5120000000001
2022-08-25,0.275,3.255,816.982
2022-08-26,0.41900000000000004,3.217,813.818
2022-08-27,0.489,3.3040000000000003,810.733
2022-08-28,0.5299999999999999,3.094,807.647
2022-08-29,0.584,3.362,804.823
2022-08-30,1.422,3.304,802.661
2022-08-31,0.569,3.229,799.534
2022-09-01,0.343,2.91,796.556
2022-09-02,0.491,2.785,796.7860000000001
2022-09-03,0.144,2.669,793.755
2022-09-04,0.579,2.997,791.177
2022-09-05,1.004,3.017,788.815
2022-09-06,0.291,2.787,786.015
2022-09-07,2.929,2.956,785.79
2022-09-08,3.323,2.441,785.991
2022-09-09,0.578,2.649,783.298
2022-09-10,1.0870000000000002,2.689,781.034
2022-09-11,1.2469999999999999,2.714,779.395
2022-09-12,0.843,2.778,777.393
2022-09-13,0.519,2.703,774.855
2022-09-14,0.322,2.636,772.167
2022-09-15,0.397,2.653,769.511
2022-09-16,0.343,2.681,767.063
2022-09-17,2.293,2.589,766.667
2022-09-18,0.637,1.63,765.467
2022-09-19,0.501,1.9369999999999998,763.535
2022-09-20,0.727,2.161,761.782
2022-09-21,0.76,2.077,760.312
2022-09-22,0.354,2.355,758.043
2022-09-23,5.859,2.275,761.841
2022-09-24,2.408,2.0589999999999997,762.042
2022-09-25,0.348,2.06,759.672
2022-09-26,0.667,2.245,758.014
2022-09-27,0.752,1.79,757.105
2022-09-28,0.8119999999999999,1.695,756.269
2022-09-29,0.306,2.1159999999999997,754.275
2022-09-30,0.34500000000000003,2.112,752.512
2022-10-01,0.315,2.102,750.672
2022-10-02,0.395,1.778,749.1659999999999
2022-10-03,0.16699999999999998,2.209,747.001
2022-10-04,0.23199999999999998,2.186,744.8879999999999
2022-10-05,0.185,2.16,742.615
2022-10-06,0.351,1.772,741.204
2022-10-07,0.2,2.144,739.137
2022-10-08,1.233,1.879,738.223
2022-10-09,0.9349999999999999,1.852,736.76
2022-10-10,0.652,1.8840000000000001,735.54
2022-10-11,0.903,2.2239999999999998,734.228
2022-10-12,0.9720000000000001,2.094,732.901
2022-10-13,1.392,2.0749999999999997,732.069
2022-10-14,1.107,1.623,731.514
2022-10-15,0.436,1.9849999999999999,729.7869999999999
2022-10-16,0.265,2.125,727.676
2022-10-17,0.335,1.8,726.029
2022-10-18,0.468,2.092,724.428
2022-10-19,0.236,2.124,722.558
2022-10-20,0.286,1.721,721.0319999999999
2022-10-21,0.159,2.064,719.007
2022-10-22,0.244,2.062,717.144
2022-10-23,0.288,1.725,715.66
2022-10-24,0.29,2.047,713.914
2022-10-25,0.122,1.9749999999999999,711.878
2022-10-26,0.23299999999999998,1.7730000000000001,710.2429999999999
2022-10-27,0.217,2.191,708.315
2022-10-29,0.096,2.231,703.919
2022-10-30,0.304,2.208,702.2239999999999
2022-10-31,0.164,1.97,700.347
2022-11-01,0.319,2.267,698.572
2022-11-02,0.09,2.27,696.505
2022-11-03,0.597,1.958,695.393
2022-11-04,0.052000000000000005,2.132,692.723
2022-11-05,1.596,1.905,692.3389999999999
2022-11-06,1.946,1.571,692.7860000000001
2022-11-07,0.72,1.909,691.8050000000001
2022-11-08,0.281,2.0549999999999997,690.004
2022-11-09,0.209,1.815,688.461
2022-11-10,0.171,2.233,686.684
2022-11-11,0.239,2.253,684.918
2022-11-13,0.125,2.23,681.595
2022-11-14,0.143,2.286,679.804
2022-11-15,0.354,1.9909999999999999,678.5
2022-11-16,0.151,2.268,676.56
2022-11-17,0.356,2.327,674.928
2022-11-18,0.13899999999999998,1.9629999999999999,673.386
2022-11-19,0.167,2.222,671.669
2022-11-20,0.9510000000000001,1.8279999999999998,670.594
2022-11-21,1.143,1.452,670.287
2022-11-22,0.333,2.155,668.582
2022-11-23,0.884,2.155,667.582
2022-11-24,1.027,2.041,667.1610000000001
2022-11-25,0.821,2.331,666.029
2022-11-26,1.97,2.283,666.222
2022-11-27,6.636,1.903,671.585
2022-11-28,1.783,2.2969999999999997,671.7230000000001
2022-11-29,0.6900000000000001,2.293,670.492
2022-12-01,7.2379999999999995,2.1069999999999998,679.836
2022-12-02,2.591,2.259,680.744
2022-12-03,1.32,1.972,680.635
2022-12-04,1.365,2.235,680.34
2022-12-05,0.876,2.372,679.464
2022-12-06,1.413,2.005,679.3870000000001
2022-12-07,1.219,1.991,678.989
2022-12-08,1.2049999999999998,2.219,678.591
2022-12-09,1.002,2.322,677.784
2022-12-10,0.725,2.03,676.937
2022-12-11,2.233,2.012,677.791
2022-12-12,2.196,2.383,678.109
2022-12-13,2.63,2.284,679.057
2022-12-14,2.453,2.914,679.197
2022-12-15,1.065,2.36,677.723
2022-12-16,0.736,2.368,676.638
2022-12-17,0.611,2.206,675.569
2022-12-18,0.54,2.4379999999999997,674.216
2022-12-19,0.6819999999999999,2.501,673.037
2022-12-20,0.757,2.023,672.375
2022-12-21,0.169,2.31,670.629
2022-12-22,0.739,2.19,669.532
2022-12-23,0.582,1.881,668.77
2022-12-24,0.55,2.267,667.63
2022-12-25,0.679,2.536,666.206
2022-12-26,0.53,2.383,665.052
2022-12-27,0.472,2.495,663.528
2022-12-28,0.351,2.387,661.908
2022-12-29,0.324,2.123,660.605
2022-12-30,0.491,2.398,659.216
2022-12-31,0.257,2.306,657.485
